author;author_type;url;location;deal_type;accommodation_type;floor;floors_count;rooms_count;total_meters;price;district;street;house_number;underground;residential_complex
VESPER;developer;https://www.cian.ru/sale/flat/307544571/;Москва;sale;flat;2;21;3;157.8;165216600;Пресненский; Костикова;4к1;Улица 1905 года;Lucky
ZIP Realty;real_estate_agent;https://www.cian.ru/sale/flat/308802493/;Москва;sale;flat;10;20;3;110.7;122000000;Пресненский; Костикова;4к1;Улица 1905 года;Lucky
ID 111783;homeowner;https://www.cian.ru/sale/flat/307780900/;Москва;sale;flat;5;14;3;104.0;29600000;Коптево; Космонавта Волкова;29К1;Красный Балтиец;
Галс-Девелопмент;developer;https://www.cian.ru/sale/flat/303040443/;Москва;sale;flat;5;5;3;183.1;174494300;Арбат;Поварская ;8/1к1;Арбатская;De Luxe квартал апартаментов Театральный Дом
SHOW ME;real_estate_agent;https://www.cian.ru/sale/flat/306567075/;Москва;sale;flat;2;10;3;115.0;101000000;Тверской;Большая Грузинская ;69;Белорусская;Четыре Ветра
BERI;real_estate_agent;https://www.cian.ru/sale/flat/308568986/;Москва;sale;flat;5;9;3;59.0;23950000;Раменки;Винницкая ;17;Раменки;
Tekta Group;developer;https://www.cian.ru/sale/flat/301259721/;Москва;sale;flat;19;42;3;65.9;30201484;Котловка;Севастопольский проспект;22А;Нагорная;Eniteo
ZIP Realty;real_estate_agent;https://www.cian.ru/sale/flat/308825551/;Москва;sale;flat;2;12;3;106.2;53000000;Хорошевский;Ходынский бульвар;19;ЦСКА;Гранд-парк
Авеню-Мск;real_estate_agent;https://www.cian.ru/sale/flat/307220600/;Москва;sale;flat;1;5;3;65.1;17500000;Марьина роща;4-й Стрелецкий проезд;13;Савёловская;
VESPER;developer;https://www.cian.ru/sale/flat/308110877/;Москва;sale;flat;4;6;3;264.6;661500000;Пресненский;Трехпрудный переулок;9С2;Пушкинская;Клубный дом Левенсон
hoomie;real_estate_agent;https://www.cian.ru/sale/flat/305679858/;Москва;sale;flat;11;20;3;87.02;32910964;Даниловский;;;Тульская;Форст ЖК
GRAND ESTATE - Премиальная недвижимость;real_estate_agent;https://www.cian.ru/sale/flat/300871845/;Москва;sale;flat;3;15;3;95.0;35000000;Пресненский;Зоологическая ;30С2;Баррикадная;
ANT Development;developer;https://www.cian.ru/sale/flat/303519403/;Москва;sale;flat;3;10;3;105.8;115430498;Дорогомилово;;3к8;Поклонная;Виктори Парк Резиденсез ЖК
White and Broughton;real_estate_agent;https://www.cian.ru/sale/flat/305736633/;Москва;sale;flat;35;41;3;97.4;95000000;Хорошевский;Ленинградский проспект;37/3;Аэропорт;Прайм Парк
ID 12693939;realtor;https://www.cian.ru/sale/flat/308367102/;Москва;sale;flat;24;28;3;71.0;38000000;Филевский парк;Береговой проезд;1Б;Шелепиха;мой адрес На Береговом
Главстрой;developer;https://www.cian.ru/sale/flat/307941294/;Москва;sale;flat;4;20;3;103.7;40291971;Филевский парк;Береговой проезд;2;Фили;Береговой-2
Правовой центр жилья;real_estate_agent;https://www.cian.ru/sale/flat/308734826/;Москва;sale;flat;3;8;3;121.3;206000000;Красносельский;Костянский переулок;13;Сретенский бульвар;Клубный дом TURGENEV
CENTURY 21 Столичная недвижимость;real_estate_agent;https://www.cian.ru/sale/flat/308405573/;Москва;sale;flat;12;12;3;64.1;19999990;Академический;Большая Черемушкинская ;20К2;Академическая;
Галс-Девелопмент;developer;https://www.cian.ru/sale/flat/306243037/;Москва;sale;flat;15;23;3;82.8;39578400;Басманный; Фридриха Энгельса;56С9;Бауманская;Дом 56
Kalinka Group;real_estate_agent;https://www.cian.ru/sale/flat/306447297/;Москва;sale;flat;13;21;3;130.0;155000000;Пресненский; Костикова;4к4;Улица 1905 года;Lucky
ID 447844;homeowner;https://www.cian.ru/sale/flat/303627675/;Москва;sale;flat;7;23;3;95.2;37900000;Сокол;Факультетский переулок;6;Стрешнево;
MR Group;developer;https://www.cian.ru/sale/flat/300288094/;Москва;sale;flat;5;43;3;84.79;40300687;Савеловский;2-я Хуторская ;34;Дмитровская;SYMPHONY 34
Kalinka Group;real_estate_agent;https://www.cian.ru/sale/flat/302398135/;Москва;sale;flat;5;17;3;105.0;130000000;Пресненский; Сергея Макеева;9к2;Улица 1905 года;RedSide
Дмитрий Асташов;realtor;https://www.cian.ru/sale/flat/307964340/;Москва;sale;flat;6;9;3;58.7;21000000;Академический;Большая Черемушкинская ;2К1;Крымская;
Галс-Девелопмент;developer;https://www.cian.ru/sale/flat/308080997/;Москва;sale;flat;2;6;3;118.66;195551680;Замоскворечье;Космодамианская набережная;4/22С8;Новокузнецкая;Клубный дом Космо 4/22
Kalinka Group;real_estate_agent;https://www.cian.ru/sale/flat/296710178/;Москва;sale;flat;22;31;3;83.0;52000000;Раменки; Лобачевского;120к1;Аминьевская;Крылья
Kalinka Group;real_estate_agent;https://www.cian.ru/sale/flat/301496697/;Москва;sale;flat;3;5;3;82.9;42900000;Тверской;1-й Самотечный переулок;17А;Достоевская;
Среда;developer;https://www.cian.ru/sale/flat/304753723/;Москва;sale;flat;2;44;3;83.71;28859441;Кунцево;48-й кв-л;;Кунцевская;Кутузовский Квартал ЖК
BARNES International Realty;real_estate_agent;https://www.cian.ru/sale/flat/306888870/;Москва;sale;flat;25;35;3;137.6;70000000;Щукино;Авиационная ;79К1;Щукинская;Алые Паруса
Марина Кузьмина;realtor;https://www.cian.ru/sale/flat/306000498/;Москва;sale;flat;3;6;3;67.0;19700000;Нагатино-Садовники;Нагатинская ;29К1;Коломенская;
MR Group;developer;https://www.cian.ru/sale/flat/306614056/;Москва;sale;flat;9;28;3;87.7;32115301;Даниловский;;;Павелецкая;Павелецкая Сити ЖК
Kalinka Group;real_estate_agent;https://www.cian.ru/sale/flat/308896854/;Москва;sale;flat;7;14;3;206.0;288277199;Арбат;Малый Новопесковский переулок;8;Смоленская;Дом на Смоленской набережной
Kalinka Group;real_estate_agent;https://www.cian.ru/sale/flat/308074172/;Москва;sale;flat;8;11;3;134.5;90000000;Якиманка; Серафимовича;2;Боровицкая;
Главстрой;developer;https://www.cian.ru/sale/flat/307942465/;Москва;sale;flat;5;35;3;95.73;40514371;Котловка;31/2;31/2;Профсоюзная;Новые Академики ЖК
HOUSE MALL - Городская недвижимость;real_estate_agent;https://www.cian.ru/sale/flat/305275545/;Москва;sale;flat;11;20;3;117.1;46500000;Свиблово;проезд Серебрякова;11к1;Ботанический сад;Silver
Среда;developer;https://www.cian.ru/sale/flat/303859420/;Москва;sale;flat;3;13;3;71.3;24567484;Очаково-Матвеевское;Очаково мкр;;Аминьевская;Среда на Лобачевского
Tekta Group;developer;https://www.cian.ru/sale/flat/306178079/;Москва;sale;flat;14;34;3;59.3;28339470;Обручевский;;;Калужская;Эвер ЖК
Kalinka Group;real_estate_agent;https://www.cian.ru/sale/flat/307587007/;Москва;sale;flat;5;5;3;92.4;75000000;Пресненский;Мерзляковский переулок;13;Арбатская;
BERI;real_estate_agent;https://www.cian.ru/sale/flat/305314134/;Москва;sale;flat;10;16;3;65.7;24990000;Таганский;Библиотечная ;13;Площадь Ильича;
MR Group;developer;https://www.cian.ru/sale/flat/308909146/;Москва;sale;flat;11;13;3;141.9;252851610;Мещанский;Садовая-Сухаревская ;14;Цветной бульвар;Клубный дом Forum
BARNES International Realty;real_estate_agent;https://www.cian.ru/sale/flat/306947550/;Москва;sale;flat;3;6;3;72.0;30000000;Тверской;Новослободская ;73К3;Савёловская;
НДВ;real_estate_agent;https://www.cian.ru/sale/flat/304590085/;Москва;sale;flat;4;11;3;80.0;41900000;Свиблово;Лазоревый проезд;1;Ботанический сад;LIFE-Ботанический сад
Sminex;developer;https://www.cian.ru/sale/flat/293713709/;Москва;sale;flat;2;14;3;142.1;309370000;Якиманка;;;Полянка;Лаврушинский ЖК
NF Group - ex-Knight Frank;real_estate_agent;https://www.cian.ru/sale/flat/303766764/;Москва;sale;flat;2;4;3;137.9;275110500;Хамовники;Пречистенская набережная;7;Парк Культуры;Кленовый DOM
Whitewill;real_estate_agent;https://www.cian.ru/sale/flat/303848561/;Москва;sale;flat;8;29;3;80.0;36900000;Раменки;Мосфильмовская ;74Б;Ломоносовский проспект;Мосфильмовская
TOUCH;developer;https://www.cian.ru/sale/flat/302838498/;Москва;sale;flat;6;13;3;75.37;41550880;Южнопортовый;;к3;Дубровка;Шампайн ЖК
Point Estate Город;real_estate_agent;https://www.cian.ru/sale/flat/291925257/;Москва;sale;flat;3;9;3;148.5;189000000;Тверской;1-я Тверская-Ямская ;2;Маяковская;Vesper Tverskaya
Villagio Realty;real_estate_agent;https://www.cian.ru/sale/flat/307817649/;Москва;sale;flat;4;25;3;81.0;22900000;Рязанский; Васильцовский Стан;7к1;Текстильщики;
Пионер;developer;https://www.cian.ru/sale/flat/301459890/;Москва;sale;flat;7;18;3;84.9;60621401;Донской;2-й Донской проезд;10;Ленинский проспект;SHIFT
NF Group - ex-Knight Frank;real_estate_agent;https://www.cian.ru/sale/flat/304304141/;Москва;sale;flat;7;18;3;89.7;98000000;Хамовники;;;Воробьёвы горы;Коллекция Лужники ЖК
Century 21 Level;real_estate_agent;https://www.cian.ru/sale/flat/308753890/;Москва;sale;flat;6;16;3;73.4;19500000;Теплый Стан; Академика Варги;36;Генерала Тюленева;
Absolute Premium;developer;https://www.cian.ru/sale/flat/304065721/;Москва;sale;flat;2;18;3;118.1;134761000;Хамовники;;;Воробьёвы горы;Коллекция Лужники ЖК
САДОВЫЕ КВАРТАЛЫ;real_estate_agent;https://www.cian.ru/sale/flat/304330107/;Москва;sale;flat;11;14;3;242.97;328500000;Хамовники; Усачева;11;Спортивная;Садовые кварталы
Level Group;developer;https://www.cian.ru/sale/flat/308766339/;Москва;sale;flat;2;6;3;137.5;265730061;Хамовники;Саввинская набережная;27;Спортивная;Саввинская 27 от Level
Ташир;developer;https://www.cian.ru/sale/flat/308803040/;Москва;sale;flat;25;32;3;83.7;;Черемушки;Херсонская ;43к5;Зюзино;ONYX Deluxe
Ramenky Realty;real_estate_agent;https://www.cian.ru/sale/flat/300298619/;Москва;sale;flat;8;12;3;136.5;102000000;Раменки; Сергея Бондарчука;4;Мичуринский проспект;Река
Capital Group;developer;https://www.cian.ru/sale/flat/296119400/;Москва;sale;flat;2;4;3;135.3;207000000;Якиманка;Софийская набережная;10;;Золотой, жилой квартал
ID 65939370;unknown;https://www.cian.ru/sale/flat/307114785/;Москва;sale;flat;3;25;3;131.2;51900000;Очаково-Матвеевское;Нежинская ;8К4;Матвеевская;Нежинский ковчег
PROНЕДВИЖИМОСТЬ;real_estate_agent;https://www.cian.ru/sale/flat/307566350/;Москва;sale;flat;2;16;3;74.0;17800000;Орехово-Борисово Северное;Каширское шоссе;90к1;Домодедовская;
EraOneHolding;developer;https://www.cian.ru/sale/flat/299053644/;Москва;sale;flat;7;8;3;128.6;128600000;Арбат; Арбат;24;Смоленская;Turandot Residences
Century 21 Street Realty;real_estate_agent;https://www.cian.ru/sale/flat/306942080/;Москва;sale;flat;37;41;3;97.2;72300000;Хорошевский;Ленинградский проспект;37/3;Аэропорт;Прайм Парк
Юлия Иванова;realtor;https://www.cian.ru/sale/flat/308326285/;Москва;sale;flat;5;12;3;72.0;43500000;Даниловский; Виктора Маслова;2;Автозаводская;RiverSky
КОРТРОС;developer;https://www.cian.ru/sale/flat/296640175/;Москва;sale;flat;5;49;3;79.14;32051700;Марьина роща;;;Марьина Роща;Тэйт ЖК
Apple Real Estate;real_estate_agent;https://www.cian.ru/sale/flat/303228319/;Москва;sale;flat;5;21;3;116.78;115000000;Пресненский;2-я Звенигородская ;16;Улица 1905 года;Lucky
BARNES International Realty;real_estate_agent;https://www.cian.ru/sale/flat/302537359/;Москва;sale;flat;2;14;3;120.0;89000000;Замоскворечье;Мытная ;7с2;Серпуховская;Английский квартал
Sense Development;developer;https://www.cian.ru/sale/flat/304888591/;Москва;sale;flat;10;13;3;103.6;62517091;Даниловский; Даниловский Вал;1А;Тульская;Logos
Century 21 Street Realty;real_estate_agent;https://www.cian.ru/sale/flat/300822468/;Москва;sale;flat;5;21;3;117.0;114000000;Пресненский;2-я Звенигородская ;16;Улица 1905 года;Lucky
BERI;real_estate_agent;https://www.cian.ru/sale/flat/308038194/;Москва;sale;flat;8;12;3;65.7;26610000;Раменки;Мичуринский проспект;54К2;Раменки;
MR Group;developer;https://www.cian.ru/sale/flat/308088572/;Москва;sale;flat;2;7;3;192.99;463176000;Арбат;Крестовоздвиженский переулок;4;Арбатская;LUCE
NIKA ESTATE;real_estate_agent;https://www.cian.ru/sale/flat/300973858/;Москва;sale;flat;7;41;3;91.2;80000000;Хорошевский;Ленинградский проспект;37/3;Аэропорт;Прайм Парк
TimeProperty;real_estate_agent;https://www.cian.ru/sale/flat/293666231/;Москва;sale;flat;20;43;3;84.2;37500000;Хорошево-Мневники;Шелепихинская набережная;34к7;Шелепиха;Сердце Столицы
Киноцентр;developer;https://www.cian.ru/sale/flat/308070372/;Москва;sale;flat;8;20;3;89.7;75348000;Пресненский; Красная Пресня;3;Краснопресненская;SkyView
Century 21 Street Realty;real_estate_agent;https://www.cian.ru/sale/flat/307310125/;Москва;sale;flat;3;5;3;112.0;85000000;Хамовники;Комсомольский проспект;42С2;Спортивная;Clerkenwell House
MOD Estate;real_estate_agent;https://www.cian.ru/sale/flat/303732989/;Москва;sale;flat;29;33;3;72.8;23999000;Отрадное;Сигнальный проезд;16к1;Владыкино;Сигнальный 16
Группа Родина;developer;https://www.cian.ru/sale/flat/307275674/;Москва;sale;flat;2;11;3;63.8;31523248;Можайский;;;Давыдково;Родина Парк ЖК
Феликс;real_estate_agent;https://www.cian.ru/sale/flat/283840624/;Москва;sale;flat;3;13;3;149.2;68000000;Тверской;Долгоруковская ;6;Новослободская;
MOD Estate;real_estate_agent;https://www.cian.ru/sale/flat/307449781/;Москва;sale;flat;14;22;3;112.0;68000000;Хорошево-Мневники;Живописная ;21А;Серебряный Бор;Дом Серебряный Бор
СТ Тауэрс;developer;https://www.cian.ru/sale/flat/304149603/;Москва;sale;flat;65;66;3;85.8;84942000;Пресненский;1-й Красногвардейский проезд;22с1;Москва-Сити;NEVA TOWERS
Kalinka Group;real_estate_agent;https://www.cian.ru/sale/flat/282554703/;Москва;sale;flat;7;18;3;90.4;45000000;Беговой;Ленинградский проспект;29к1;Динамо;Царская площадь
BARNES International Realty;real_estate_agent;https://www.cian.ru/sale/flat/296139192/;Москва;sale;flat;24;44;3;69.0;31700000;Пресненский;Ходынская ;2;Улица 1905 года;Пресня Сити
PIONEER;developer;https://www.cian.ru/sale/flat/306809961/;Москва;sale;flat;2;22;3;80.8;36120508;Марьина роща;Полковая ;1С12;Савёловская;PRIDE
Yhome;real_estate_agent;https://www.cian.ru/sale/flat/308955512/;Москва;sale;flat;5;21;3;117.0;115000000;Пресненский; Костикова;4к4;Улица 1905 года;Lucky
Ольга Хабнер;realtor;https://www.cian.ru/sale/flat/305467920/;Москва;sale;flat;5;8;3;63.0;32500000;Ломоносовский; Крупской;13;Новаторская;
Ташир;developer;https://www.cian.ru/sale/flat/274701224/;Москва;sale;flat;2;17;3;72.6;43233300;Раменки;Мичуринский проспект;вл30Б;Ломоносовский проспект;Legacy
One Moscow;real_estate_agent;https://www.cian.ru/sale/flat/307716792/;Москва;sale;flat;22;22;3;93.5;33000000;Хорошевский;1-я Магистральная ;25;Хорошёвская;Сити-комплекс Мята
Донстрой;developer;https://www.cian.ru/sale/flat/306643466/;Москва;sale;flat;48;50;3;96.1;41092360;Раменки;м. Мичуринский проспект;;Мичуринский проспект;Событие
PEOPLE;real_estate_agent;https://www.cian.ru/sale/flat/292500097/;Москва;sale;flat;7;21;3;82.0;103000000;Пресненский;2-я Звенигородская ;14;Улица 1905 года;Lucky
OXE CAPITAL - Элитная Недвижимость;real_estate_agent;https://www.cian.ru/sale/flat/308878043/;Москва;sale;flat;13;21;3;76.1;76000000;Пресненский;2-я Черногрязская ;6к4;Улица 1905 года;RedSide
Мангазея;developer;https://www.cian.ru/sale/flat/308903093/;Москва;sale;flat;6;41;3;95.1;45448290;Даниловский;Большая Тульская ;10С5;Тульская;Мангазея на Тульской
PEOPLE;real_estate_agent;https://www.cian.ru/sale/flat/300294429/;Москва;sale;flat;6;21;3;112.5;150000000;Пресненский; Костикова;4к1;Улица 1905 года;Lucky
Intermark Real Estate;real_estate_agent;https://www.cian.ru/sale/flat/308346343/;Москва;sale;flat;19;22;3;114.7;63500000;Донской; Вавилова;2;Ленинский проспект;Нескучный сад
Sminex;developer;https://www.cian.ru/sale/flat/308011952/;Москва;sale;flat;1;6;3;418.5;1226820000;Хамовники;3-й Обыденский переулок;1С1;Кропоткинская;Клубный дом Обыденский № 1
Whitewill;real_estate_agent;https://www.cian.ru/sale/flat/307793369/;Москва;sale;flat;35;41;3;98.0;95000000;Хорошевский;Ленинградский проспект;37/3;Аэропорт;Прайм Парк
GRAND ESTATE - Премиальная недвижимость;real_estate_agent;https://www.cian.ru/sale/flat/306655775/;Москва;sale;flat;6;6;3;135.0;76900000;Красносельский;Уланский переулок;14кБ;Красные ворота;
Tekta Group;developer;https://www.cian.ru/sale/flat/306368148/;Москва;sale;flat;4;32;3;57.6;32808960;Даниловский;;2;Павелецкая;Эра ЖК
Whitewill;real_estate_agent;https://www.cian.ru/sale/flat/308405077/;Москва;sale;flat;32;36;3;113.0;129000000;Хорошевский;Ленинградский проспект;37/4;ЦСКА;Прайм Парк
NF Group - ex-Knight Frank;real_estate_agent;https://www.cian.ru/sale/flat/290884000/;Москва;sale;flat;3;24;3;107.6;73000000;Беговой;Верхняя ;20к1;Белорусская;Суббота
Основа;developer;https://www.cian.ru/sale/flat/291982902/;Москва;sale;flat;10;15;3;162.9;46426500;Фили-Давыдково; Ивана Франко;6;Кунцевская;MainStreet
Kalinka Group;real_estate_agent;https://www.cian.ru/sale/flat/263883005/;Москва;sale;flat;4;24;3;136.0;96000000;Раменки;Ломоносовский проспект;25к3;Университет;Dominion
Intermark Real Estate;real_estate_agent;https://www.cian.ru/sale/flat/308136515/;Москва;sale;flat;6;12;3;120.9;72200000;Мещанский;Протопоповский переулок;17С2;Проспект Мира;
КОРТРОС;developer;https://www.cian.ru/sale/flat/307676459/;Москва;sale;flat;18;51;3;93.57;39580110;Пресненский;Шелепихинское шоссе;;Шелепиха;Headliner
ФОРА;real_estate_agent;https://www.cian.ru/sale/flat/303674227/;Москва;sale;flat;6;6;3;137.7;44500000;Хорошевский;2-й Хорошевский проезд;9К1;Беговая;
ФСК Агент;real_estate_agent;https://www.cian.ru/sale/flat/308359079/;Москва;sale;flat;2;16;3;68.4;18990000;Южное Бутово; Поляны;5Ак1;Улица Скобелевская;Столичные поляны
Концерн КРОСТ;developer;https://www.cian.ru/sale/flat/298380290/;Москва;sale;flat;3;19;3;86.5;38665500;Щукино; Ротмистрова;2;Октябрьское поле;Театральный квартал
Kalinka Group;real_estate_agent;https://www.cian.ru/sale/flat/297922335/;Москва;sale;flat;3;7;3;95.7;106990000;Замоскворечье;Садовническая ;57С1;Павелецкая;Wine House
ZIP Realty;real_estate_agent;https://www.cian.ru/sale/flat/308397152/;Москва;sale;flat;4;9;3;60.0;17500000;Теплый Стан; Академика Виноградова;6;Генерала Тюленева;
Capital Group;developer;https://www.cian.ru/sale/flat/295988623/;Москва;sale;flat;36;67;3;96.4;105000000;Пресненский;Краснопресненская набережная;14Ак2;Москва-Сити;Capital Towers
Kalinka Group;real_estate_agent;https://www.cian.ru/sale/flat/247174958/;Москва;sale;flat;8;53;3;150.0;135000000;Раменки;Мосфильмовская ;8;Ломоносовский проспект;Дом на Мосфильмовской
Славянский Двор Остоженка;real_estate_agent;https://www.cian.ru/sale/flat/296833235/;Москва;sale;flat;22;23;3;163.0;56000000;Проспект Вернадского;Ленинский проспект;116К1;Новаторская;
Основа;developer;https://www.cian.ru/sale/flat/286250337/;Москва;sale;flat;15;19;3;71.8;53850000;Красносельский;проспект Академика Сахарова;7;Красные ворота;RED7
Intermark Real Estate;real_estate_agent;https://www.cian.ru/sale/flat/308417951/;Москва;sale;flat;5;7;3;74.0;41500000;"Кв-ра ""под ключ"" в Басманном е3-комн. квартира";74 м²;5/7 этаж;;
BARNES International Realty;real_estate_agent;https://www.cian.ru/sale/flat/298324265/;Москва;sale;flat;2;7;3;97.1;43900000;Донской;Ленинский проспект;35;Ленинский проспект;
BRIGHT ESTATE - городская недвижимость;real_estate_agent;https://www.cian.ru/sale/flat/307677350/;Москва;sale;flat;5;12;3;136.9;250000000;Хамовники; Усачева;13;Спортивная;Садовые кварталы
do A.S.A.P.;real_estate_agent;https://www.cian.ru/sale/flat/307315277/;Москва;sale;flat;17;17;3;89.6;22200000;; Никитина;11к1;Рассказовка;
MR Group;developer;https://www.cian.ru/sale/flat/307999594/;Москва;sale;flat;6;59;3;58.5;19515600;Можайский;Верейская ;29С32А;Давыдково;SET
BRIGHT ESTATE - городская недвижимость;real_estate_agent;https://www.cian.ru/sale/flat/307933190/;Москва;sale;flat;6;11;3;113.0;158200000;Хамовники; Усачева;15А;Спортивная;Садовые кварталы
BERI;real_estate_agent;https://www.cian.ru/sale/flat/308089669/;Москва;sale;flat;4;6;3;75.0;71250000;Хамовники;переулок Плотников;10;Смоленская;
Стадион Спартак;developer;https://www.cian.ru/sale/flat/282960151/;Москва;sale;flat;2;13;3;79.3;38833210;Покровское-Стрешнево;Вивальди кв-л;;Спартак;Клубный Город на Реке Примавера ЖК
BRIGHT ESTATE - городская недвижимость;real_estate_agent;https://www.cian.ru/sale/flat/307933191/;Москва;sale;flat;3;14;3;105.2;147000000;Хамовники; Усачева;15А;Спортивная;Садовые кварталы
А101;developer;https://www.cian.ru/sale/flat/306745602/;Москва;sale;flat;4;9;3;59.6;9547545;;;2;Толстопальцево;Родные кварталы ЖК
MR Group;developer;https://www.cian.ru/sale/flat/307788179/;Москва;sale;flat;18;47;3;81.43;37261472;Хорошево-Мневники;;;Полежаевская;Джойс ЖК
MONEYARD;real_estate_agent;https://www.cian.ru/sale/flat/300741474/;Москва;sale;flat;41;44;3;86.4;40200000;Хорошево-Мневники;к2/2;к2/2;Шелепиха;Сидней Сити ЖК
ALFA real estate;real_estate_agent;https://www.cian.ru/sale/flat/305340828/;Москва;sale;flat;3;6;3;84.6;59900000;Пресненский;Трехпрудный переулок;11/13С1;Маяковская;
Regions Development;developer;https://www.cian.ru/sale/flat/308070822/;Москва;sale;flat;2;24;3;72.1;;Нагатинский затон;проспект Андропова;9/1к2;Технопарк;Dream Towers
Point Estate Город;real_estate_agent;https://www.cian.ru/sale/flat/306835373/;Москва;sale;flat;15;24;3;85.0;110000000;Пресненский;Мантулинская ;9к5;Москва-Сити;City Park
Whitewill;real_estate_agent;https://www.cian.ru/sale/flat/306706891/;Москва;sale;flat;26;30;3;122.4;48900000;Южнопортовый; 1-я Машиностроения;10;Дубровка;Дубровская Слобода
Аеон-Девелопмент;developer;https://www.cian.ru/sale/flat/301173869/;Москва;sale;flat;4;46;3;90.2;64106527;Дорогомилово;Кутузовский проезд;16А/1;Фили;River Park Кутузовский
Point Estate Город;real_estate_agent;https://www.cian.ru/sale/flat/307711502/;Москва;sale;flat;6;7;3;127.8;176000000;Пресненский;2-я Черногрязская ;6к1;Улица 1905 года;RedSide
RND;real_estate_agent;https://www.cian.ru/sale/flat/304510329/;Москва;sale;flat;4;7;3;142.2;49900000;Таганский;2-й Сыромятнический переулок;10;Курская;
РГ-Девелопмент;developer;https://www.cian.ru/sale/flat/301985153/;Москва;sale;flat;6;25;3;94.6;38514876;Савеловский;Старый Петровско-Разумовский проезд;1/23С5;Гражданская;Петровский парк II
BARNES International Realty;real_estate_agent;https://www.cian.ru/sale/flat/307532779/;Москва;sale;flat;10;34;3;84.0;75000000;Дорогомилово;Поклонная ;9;Поклонная;Поклонная 9
Whitewill;real_estate_agent;https://www.cian.ru/sale/flat/303542659/;Москва;sale;flat;7;25;3;99.0;66900000;Раменки; Янковского;1к1;Аминьевская;Событие
EraOneHolding;developer;https://www.cian.ru/sale/flat/306783475/;Москва;sale;flat;4;5;3;133.6;146300000;Арбат; Арбат;39;Смоленская;Artisan
САДОВЫЕ КВАРТАЛЫ;real_estate_agent;https://www.cian.ru/sale/flat/308692941/;Москва;sale;flat;5;12;3;136.9;250000000;Хамовники; Усачева;13;Спортивная;Садовые кварталы
Whitewill;real_estate_agent;https://www.cian.ru/sale/flat/306398198/;Москва;sale;flat;8;22;3;123.3;66500000;Пресненский;Шмитовский проезд;16С2;Москва-Сити;Шмитовский 16
MR Group;developer;https://www.cian.ru/sale/flat/308416266/;Москва;sale;flat;8;44;3;85.19;39383337;Марьина роща; 4-я Марьиной рощи;12К3;Марьина Роща;Mod
MHEstate - Элитная недвижимость;real_estate_agent;https://www.cian.ru/sale/flat/300824521/;Москва;sale;flat;25;30;3;134.0;68000000;Проспект Вернадского;проспект Вернадского;37к1А;Проспект Вернадского;
MHEstate - Элитная недвижимость;real_estate_agent;https://www.cian.ru/sale/flat/301916112/;Москва;sale;flat;4;5;3;115.0;98000000;Хамовники;Кропоткинский переулок;4С1;Парк Культуры;
КРОСТ;developer;https://www.cian.ru/sale/flat/296745463/;Москва;sale;flat;22;28;3;78.2;31905600;Хорошево-Мневники; Генерала Глаголева;;Народное Ополчение;CRYSTAL Трилогия
Kalinka Group;real_estate_agent;https://www.cian.ru/sale/flat/307500734/;Москва;sale;flat;5;7;3;125.3;100000000;Очаково-Матвеевское;Староволынская ;15к3;Матвеевская;Ближняя дача
MHEstate - Элитная недвижимость;real_estate_agent;https://www.cian.ru/sale/flat/308424075/;Москва;sale;flat;5;6;3;130.0;68000000;Крылатское;Крылатская ;45К2;Крылатское;Долина грез
Ташир;developer;https://www.cian.ru/sale/flat/272333560/;Москва;sale;flat;11;21;3;74.5;;Очаково-Матвеевское;Аминьевское шоссе;6;Давыдково;West Tower (Апартаменты бизнес-класса)
Apple Real Estate;real_estate_agent;https://www.cian.ru/sale/flat/303393129/;Москва;sale;flat;3;6;3;136.0;129500000;Тверской;1-й Колобовский переулок;14;Трубная;
NF Group - ex-Knight Frank;real_estate_agent;https://www.cian.ru/sale/flat/305968630/;Москва;sale;flat;10;12;3;103.0;80000000;Алексеевский;Новоалексеевская ;16К5;Алексеевская;Серебряный фонтан
Regions Development;developer;https://www.cian.ru/sale/flat/308071743/;Москва;sale;flat;2;16;3;62.45;27610643;Преображенское;Жилой комплекс Преображенская площадь;;Преображенская площадь;Преображенская площадь
NF Group - ex-Knight Frank;real_estate_agent;https://www.cian.ru/sale/flat/303957847/;Москва;sale;flat;8;15;3;92.1;96705000;Раменки;проспект Генерала Дорохова;39к1А;Минская;Собрание клубных домов West Garden
Whitewill;real_estate_agent;https://www.cian.ru/sale/flat/306638926/;Москва;sale;flat;10;36;3;77.7;28500000;Левобережный;Фестивальная ;15к24/3;Речной вокзал;Фестиваль парк-2
Основа;developer;https://www.cian.ru/sale/flat/304382421/;Москва;sale;flat;2;28;3;52.1;20683700;Хорошево-Мневники;;;Полежаевская;Эмоушен ЖК
Monumental Group;real_estate_agent;https://www.cian.ru/sale/flat/303505952/;Москва;sale;flat;3;6;3;139.0;129000000;Тверской;1-й Колобовский переулок;14;Трубная;
Monumental Group;real_estate_agent;https://www.cian.ru/sale/flat/305638927/;Москва;sale;flat;4;8;3;134.0;153250000;Красносельский;Милютинский переулок;3;Лубянка;
LEGENDA Intelligent Development;developer;https://www.cian.ru/sale/flat/301551510/;Москва;sale;flat;4;34;3;92.5;35954750;Левобережный;Ленинградское шоссе;;Беломорская;Северный порт. Береговые кварталы
Kalinka Group;real_estate_agent;https://www.cian.ru/sale/flat/300883472/;Москва;sale;flat;2;5;3;140.0;193142960;Мещанский;Рождественский бульвар;10/7С1;Трубная;
SELS;real_estate_agent;https://www.cian.ru/sale/flat/308688012/;Москва;sale;flat;5;28;3;94.0;57000000;Филевский парк;Береговой проезд;1А;Шелепиха;мой адрес На Береговом
Основа;developer;https://www.cian.ru/sale/flat/297432095/;Москва;sale;flat;24;31;3;68.4;31806000;Марфино;Ботаническая ;29Ак3;Владыкино;VERY
Villagio Realty;real_estate_agent;https://www.cian.ru/sale/flat/308344456/;Москва;sale;flat;11;19;3;139.5;90000000;Хорошево-Мневники;Шелепихинская набережная;34к1;Шелепиха;
Delight Realty;real_estate_agent;https://www.cian.ru/sale/flat/308138114/;Москва;sale;flat;3;4;3;136.6;340000000;Якиманка;Софийская набережная;10;Боровицкая;Золотой, жилой квартал
Имена;developer;https://www.cian.ru/sale/flat/299533028/;Москва;sale;flat;3;14;3;79.88;66540040;Дорогомилово;1-й Можайский тупик;8АС1;Киевская;D'ORO MILLE
Времена года;real_estate_agent;https://www.cian.ru/sale/flat/307307503/;Москва;sale;flat;8;21;3;105.4;80000000;Раменки;Мосфильмовская ;88к2с6;Раменки;Мосфильмовский
NF Group - ex-Knight Frank;real_estate_agent;https://www.cian.ru/sale/flat/306547189/;Москва;sale;flat;2;19;3;99.0;53000000;Хорошево-Мневники;Шелепихинская набережная;34к2зд2;Шелепиха;Сердце Столицы
РКС Девелопмент;developer;https://www.cian.ru/sale/flat/308866005/;Москва;sale;flat;6;15;3;69.74;29060658;Даниловский;Автозаводская ;24К1;Тульская;Дом на набережной INSIDER
Century 21 Street Realty;real_estate_agent;https://www.cian.ru/sale/flat/298534721/;Москва;sale;flat;2;4;3;140.0;193142960;Мещанский;Рождественский бульвар;10/7С1;Трубная;
OXE CAPITAL - Элитная Недвижимость;real_estate_agent;https://www.cian.ru/sale/flat/308881187/;Москва;sale;flat;15;25;3;67.8;24500000;Митино;Муравская ;42к2;Пятницкое шоссе;Мир Митино
Донстрой;developer;https://www.cian.ru/sale/flat/305505503/;Москва;sale;flat;3;11;3;125.9;206098300;Хамовники;531-й кв-л;;Спортивная;Дом 22 ЖК
Whitewill;real_estate_agent;https://www.cian.ru/sale/flat/303967965/;Москва;sale;flat;3;6;3;112.5;85000000;Хамовники;Комсомольский проспект;42С2;Спортивная;Clerkenwell House
Intermark Real Estate;real_estate_agent;https://www.cian.ru/sale/flat/306834640/;Москва;sale;flat;10;33;3;113.9;47000000;Тропарево-Никулино;проспект Вернадского;105к4;Юго-Западная;
Рублево-Архангельское;developer;https://www.cian.ru/sale/flat/307250875/;Москва;sale;flat;2;10;3;71.9;28565870;;;В17 кв-л;Серебряный Бор;Сберсити ЖК
Антон Ермолаев;realtor;https://www.cian.ru/sale/flat/308239535/;Москва;sale;flat;16;67;3;115.4;135000000;Пресненский;Краснопресненская набережная;14Ак1;Москва-Сити;Capital Towers
BARNES International Realty;real_estate_agent;https://www.cian.ru/sale/flat/289779271/;Москва;sale;flat;4;8;3;70.0;65823293;Хамовники;Смоленский бульвар;22/14;Смоленская;
3SGroup;developer;https://www.cian.ru/sale/flat/308125197/;Москва;sale;flat;9;33;3;69.7;25684450;Текстильщики;1-й Грайвороновский проезд;2С10;Новохохловская;Voice Towers
NIKA ESTATE;real_estate_agent;https://www.cian.ru/sale/flat/305097068/;Москва;sale;flat;4;13;3;82.9;43000000;Раменки;Винницкая ;8к2;Раменки;Настоящее
Спартак;developer;https://www.cian.ru/sale/flat/297413615/;Москва;sale;flat;2;14;3;104.6;26441040;Ясенево;Новоясеневский проспект;3В;Тёплый Стан;Комплекс апартаментов LES
do A.S.A.P.;real_estate_agent;https://www.cian.ru/sale/flat/304320156/;Москва;sale;flat;36;40;3;110.0;46500000;Кунцево;Рублевское шоссе;107;Молодёжная;Рублевские Огни
А101;developer;https://www.cian.ru/sale/flat/306741441/;Москва;sale;flat;7;16;3;64.3;30230034;Сокол; Зорге;25С2;Октябрьское поле;Дом на Зорге
Whitewill;real_estate_agent;https://www.cian.ru/sale/flat/306360333/;Москва;sale;flat;6;37;3;76.0;47500000;Беговой;Северный ао;К2;Белорусская;Слава ЖК
ФСК;developer;https://www.cian.ru/sale/flat/308079146/;Москва;sale;flat;2;44;3;69.6;21207398;Покровское-Стрешнево;;;Трикотажная;Скай Гарден ЖК
NF Group - ex-Knight Frank;real_estate_agent;https://www.cian.ru/sale/flat/307783036/;Москва;sale;flat;8;12;3;94.6;57000000;Якиманка;Конный переулок;4;Шаболовская;
А101;developer;https://www.cian.ru/sale/flat/308314415/;Москва;sale;flat;15;18;3;55.2;13743180;;;18.2.6;Бунинская аллея;Скандинавия ЖК
NF Group - ex-Knight Frank;real_estate_agent;https://www.cian.ru/sale/flat/296106332/;Москва;sale;flat;4;8;3;69.8;65823293;Хамовники;Смоленский бульвар;22/14;Смоленская;
А101;developer;https://www.cian.ru/sale/flat/306741873/;Москва;sale;flat;14;15;3;52.8;11943042;;;;Новомосковская;Деснаречье ЖК
NF Group - ex-Knight Frank;real_estate_agent;https://www.cian.ru/sale/flat/291590051/;Москва;sale;flat;3;11;3;110.4;99000000;Тверской; Фадеева;4А;Новослободская;Итальянский Квартал
ВЫБОР;developer;https://www.cian.ru/sale/flat/300605210/;Москва;sale;flat;5;19;3;66.2;14378640;;;;;Академик
NF Group - ex-Knight Frank;real_estate_agent;https://www.cian.ru/sale/flat/308338964/;Москва;sale;flat;2;6;3;131.1;110000000;Тверской; Малая Дмитровка;23/15С2;Пушкинская;
А101;developer;https://www.cian.ru/sale/flat/306740594/;Москва;sale;flat;17;30;3;56.1;14272401;Южное Бутово; Бунинская Аллея;;Бунинская аллея;Южные сады
NF Group - ex-Knight Frank;real_estate_agent;https://www.cian.ru/sale/flat/297042900/;Москва;sale;flat;3;10;3;173.6;165000000;Тверской;Большая Грузинская ;69;Белорусская;Четыре Ветра
HOUSE MALL - Городская недвижимость;real_estate_agent;https://www.cian.ru/sale/flat/246930837/;Москва;sale;flat;14;58;3;128.0;50000000;Ростокино;проспект Мира;188Бк1;Ростокино;Триколор
Абсолют Недвижимость;developer;https://www.cian.ru/sale/flat/307207517/;Москва;sale;flat;13;22;3;75.2;15283802;;;к4;Рассказовка;Город-парк Первый Московский
Kalinka Group;real_estate_agent;https://www.cian.ru/sale/flat/305595945/;Москва;sale;flat;8;8;3;95.0;60000000;Даниловский;2-й Павелецкий проезд;5С1;Крестьянская застава;RIVERDALE APARTMENTS
Upside Development;developer;https://www.cian.ru/sale/flat/305101597/;Москва;sale;flat;6;46;3;85.84;34847572;Бутырский;Огородный проезд;;Бутырская;Upside Towers
NF Group - ex-Knight Frank;real_estate_agent;https://www.cian.ru/sale/flat/307861416/;Москва;sale;flat;4;5;3;157.0;78000000;Пресненский;Столярный переулок;3к34;Улица 1905 года;Рассвет Loft-Studio
ДомДау;developer;https://www.cian.ru/sale/flat/302035427/;Москва;sale;flat;34;85;3;123.06;;Пресненский;Московский международный деловой центр Москва-Сити тер.;;;Дом Дау
Винидиктов и Партнеры;real_estate_agent;https://www.cian.ru/sale/flat/301012836/;Москва;sale;flat;4;14;3;116.0;87000000;Дорогомилово;набережная Тараса Шевченко;1;Киевская;
ДомДау;developer;https://www.cian.ru/sale/flat/304775157/;Москва;sale;flat;11;85;3;111.63;;Пресненский;Московский международный деловой центр Москва-Сити тер.;;;Дом Дау
Kalinka Group;real_estate_agent;https://www.cian.ru/sale/flat/301266879/;Москва;sale;flat;25;75;3;187.9;120000000;Пресненский;набережная Пресненская;8с1;Деловой центр;Город Столиц
Tekta Group;developer;https://www.cian.ru/sale/flat/305021227/;Москва;sale;flat;24;34;3;61.2;31609800;Обручевский;;;Воронцовская;Эвер ЖК
NF Group - ex-Knight Frank;real_estate_agent;https://www.cian.ru/sale/flat/295848895/;Москва;sale;flat;2;6;3;118.7;214999900;Хамовники;переулок Хилков;5;Парк Культуры;Особняк в Хилковом переулке
ДомДау;developer;https://www.cian.ru/sale/flat/297725757/;Москва;sale;flat;14;85;3;96.45;;Пресненский;Московский международный деловой центр Москва-Сити тер.;;;Дом Дау
NIKA ESTATE;real_estate_agent;https://www.cian.ru/sale/flat/285996127/;Москва;sale;flat;3;10;3;110.4;97500000;Тверской; Фадеева;4А;Новослободская;Итальянский Квартал
НДВ;real_estate_agent;https://www.cian.ru/sale/flat/302968133/;Москва;sale;flat;17;22;3;83.0;29000000;Марьина роща;Шереметьевская ;37К1;Бутырская;
Мангазея;developer;https://www.cian.ru/sale/flat/304291420/;Москва;sale;flat;13;24;3;91.4;46284960;Левобережный;Ленинградское шоссе;;Беломорская;Мангазея на Речном
Point Estate Город;real_estate_agent;https://www.cian.ru/sale/flat/307447116/;Москва;sale;flat;4;23;3;88.0;65000000;Филевский парк;Кастанаевская ;24;Филёвский парк;Изумруд
Whitewill;real_estate_agent;https://www.cian.ru/sale/flat/298976152/;Москва;sale;flat;5;12;3;74.4;49000000;Хамовники;Комсомольский проспект;45;Спортивная;
ФСК;developer;https://www.cian.ru/sale/flat/297177149/;Москва;sale;flat;43;47;3;79.1;32036687;Обручевский;;;Воронцовская;Архитектор ЖК
Whitewill;real_estate_agent;https://www.cian.ru/sale/flat/283967307/;Москва;sale;flat;9;12;3;101.1;75000000;Раменки;проспект Генерала Дорохова;39к1Д;Минская;Собрание клубных домов West Garden
GRAND ESTATE - Премиальная недвижимость;real_estate_agent;https://www.cian.ru/sale/flat/306894226/;Москва;sale;flat;7;7;3;85.0;52000000;Тверской;Цветной бульвар;25С1;Цветной бульвар;
ФСК;developer;https://www.cian.ru/sale/flat/302706976/;Москва;sale;flat;2;29;3;69.8;30293200;Нагатино-Садовники;Варшавское шоссе;37АК1;Нагатинская;Rotterdam
ID 25540541;realtor;https://www.cian.ru/sale/flat/306925742/;Москва;sale;flat;5;7;3;108.9;124000000;Хамовники;3-й Обыденский переулок;2;Кропоткинская;
Группа Аквилон;developer;https://www.cian.ru/sale/flat/299472912/;Москва;sale;flat;12;26;3;73.6;34281682;Хорошевский;;;Зорге;Инди Тауэрс ЖК
Delight Realty;real_estate_agent;https://www.cian.ru/sale/flat/259124233/;Москва;sale;flat;13;13;3;99.0;66000000;Замоскворечье;3-й Люсиновский переулок;1С1;Серпуховская;
STONE;developer;https://www.cian.ru/sale/flat/305914445/;Москва;sale;flat;2;33;3;65.8;27682060;Сокольники; Матросская Тишина;1АС68;Сокольники;Sokolniki
PANDA ESTATE;real_estate_agent;https://www.cian.ru/sale/flat/308346046/;Москва;sale;flat;13;28;3;100.0;65000000;Филевский парк; Василисы Кожиной;13;Парк Победы;Квартал апартаментов Match Point
MR Group;developer;https://www.cian.ru/sale/flat/307962179/;Москва;sale;flat;5;48;3;56.42;18057633;Покровское-Стрешнево;Волоколамское шоссе;95/1к1;Трикотажная;City Bay
Soul Estate;real_estate_agent;https://www.cian.ru/sale/flat/306564372/;Москва;sale;flat;2;9;3;123.0;135000000;Хамовники;переулок 1-й Тружеников;15;Киевская;
ASTERUS;developer;https://www.cian.ru/sale/flat/307418573/;Москва;sale;flat;22;30;3;79.7;31322100;Покровское-Стрешнево;;;Тушинская;ÁLIA
Intermark Real Estate;real_estate_agent;https://www.cian.ru/sale/flat/308952209/;Москва;sale;flat;1;10;3;125.4;50000000;Мещанский;Олимпийский проспект;10К3;Достоевская;
Stenoy;developer;https://www.cian.ru/sale/flat/300878939/;Москва;sale;flat;11;12;3;69.2;39198409;Преображенское;Электрозаводская ;60;Преображенская площадь;ARTEL
Level Group;developer;https://www.cian.ru/sale/flat/308766340/;Москва;sale;flat;3;6;3;146.6;284784131;Хамовники;Саввинская набережная;27;Спортивная;Саввинская 27 от Level
AFI Development;developer;https://www.cian.ru/sale/flat/304447895/;Москва;sale;flat;16;53;3;84.2;33007074;Свиблово;проезд Серебрякова;11-13к1;Ботанический сад;Afi Tower
Whitewill;real_estate_agent;https://www.cian.ru/sale/flat/304965475/;Москва;sale;flat;22;22;3;106.0;68900000;Красносельский;Большая Спасская ;35;Площадь трёх вокзалов;Dialog
Концерн КРОСТ;developer;https://www.cian.ru/sale/flat/290294254/;Москва;sale;flat;6;28;3;61.1;16497000;Отрадное;Отрадная ;4А;Отрадное;Малевич
NIKA ESTATE;real_estate_agent;https://www.cian.ru/sale/flat/300748810/;Москва;sale;flat;14;16;3;85.0;66900000;Беговой; 1-я Ямского Поля;1к1;Белорусская;Slava
Среда;developer;https://www.cian.ru/sale/flat/306563125/;Москва;sale;flat;8;12;3;85.61;30262706;Кунцево;48-й кв-л;;Кунцевская;Кутузовский Квартал ЖК
Группа Аквилон;developer;https://www.cian.ru/sale/flat/300036284/;Москва;sale;flat;23;28;3;67.75;27738644;Нижегородский;;;Нижегородская;Аквилон Бисайд 2.0 ЖК
NF Group - ex-Knight Frank;real_estate_agent;https://www.cian.ru/sale/flat/306369703/;Москва;sale;flat;17;21;3;56.8;26000000;Хорошевский; Зорге;9Ак1;Зорге;Зорге 9
MHEstate - Элитная недвижимость;real_estate_agent;https://www.cian.ru/sale/flat/303538615/;Москва;sale;flat;2;6;3;133.6;65000000;Крылатское;Осенняя ;25К2;Крылатское;
Основа;developer;https://www.cian.ru/sale/flat/293007285/;Москва;sale;flat;6;36;3;61.7;17584500;Ярославский;проспект Мира;222;Ростокино;МИРАПОЛИС
Whitewill;real_estate_agent;https://www.cian.ru/sale/flat/303645322/;Москва;sale;flat;11;15;3;63.0;54900000;Раменки;Винницкая ;8к2;Раменки;Настоящее
Абсолют Недвижимость;developer;https://www.cian.ru/sale/flat/307596706/;Москва;sale;flat;2;17;3;78.0;16467941;;;;Мичуринец;Переделкино Ближнее Город-парк
А101;developer;https://www.cian.ru/sale/flat/306743069/;Москва;sale;flat;2;13;3;61.5;14785523;;;к11.2.1;Прокшино;Прокшино ЖК
Whitewill;real_estate_agent;https://www.cian.ru/sale/flat/304553565/;Москва;sale;flat;3;33;3;79.53;40500000;Пресненский; Пресненский Вал;27С2;Белорусская;Republic
Century 21 Premium Property;real_estate_agent;https://www.cian.ru/sale/flat/297731682/;Москва;sale;flat;2;12;3;97.4;77000000;Раменки; Сергея Бондарчука;6;Мичуринский проспект;Река
Plus Development;developer;https://www.cian.ru/sale/flat/303784718/;Москва;sale;flat;13;23;3;56.1;12175038;;;;Филатов Луг;Детали ЖК
Whitewill;real_estate_agent;https://www.cian.ru/sale/flat/307109377/;Москва;sale;flat;26;26;3;112.9;156800000;Пресненский; Пресненский Вал;4/29с1;Улица 1905 года;Republic
Soul Estate;real_estate_agent;https://www.cian.ru/sale/flat/306845861/;Москва;sale;flat;15;51;3;76.0;58500000;Раменки;Мичуринский проспект;56;Раменки;Небо — Небоскребы на Мичуринском, 56
NF Group - ex-Knight Frank;real_estate_agent;https://www.cian.ru/sale/flat/296106303/;Москва;sale;flat;39;65;3;223.3;240230999;Пресненский;набережная Пресненская;8с1;Деловой центр;Город Столиц
RND;real_estate_agent;https://www.cian.ru/sale/flat/300367025/;Москва;sale;flat;9;12;3;102.2;110000000;Раменки;проспект Генерала Дорохова;39к1Е;Минская;Собрание клубных домов West Garden
EstateLiga;real_estate_agent;https://www.cian.ru/sale/flat/307771005/;Москва;sale;flat;9;14;3;67.0;51000000;Раменки;проспект Генерала Дорохова;39к1Б;Минская;Собрание клубных домов West Garden
Intermark Real Estate;real_estate_agent;https://www.cian.ru/sale/flat/304685796/;Москва;sale;flat;12;24;3;100.5;47000000;Готовая 3-к. кв-ра в е Кунцево3-комн. квартира;12/24 этаж;;;
Whitewill;real_estate_agent;https://www.cian.ru/sale/flat/294734371/;Москва;sale;flat;9;21;3;108.0;130000000;Пресненский;2-я Звенигородская ;12С19;Улица 1905 года;Lucky
NF Group - ex-Knight Frank;real_estate_agent;https://www.cian.ru/sale/flat/291636518/;Москва;sale;flat;5;7;3;172.26;450192893;Хамовники; Ефремова;19к4;Спортивная;Knightsbridge Private Park
NF Group - ex-Knight Frank;real_estate_agent;https://www.cian.ru/sale/flat/305928735/;Москва;sale;flat;17;17;3;71.0;53000000;Беговой;Ленинградский проспект;29к1;Динамо;Царская площадь
Yhome;real_estate_agent;https://www.cian.ru/sale/flat/302910348/;Москва;sale;flat;11;28;3;107.0;69500000;Раменки;Винницкая ;8к2;Раменки;Настоящее
Арт Риэлти;real_estate_agent;https://www.cian.ru/sale/flat/303877563/;Москва;sale;flat;19;28;3;85.0;30500000;Лефортово;проезд Невельского;1к1;Авиамоторная;Символ
Северная слобода;real_estate_agent;https://www.cian.ru/sale/flat/284287955/;Москва;sale;flat;1;4;3;83.3;31100000;Северный;Дмитровское шоссе;122Гк1;Физтех;
Century 21 Street Realty;real_estate_agent;https://www.cian.ru/sale/flat/298534723/;Москва;sale;flat;12;51;3;76.0;36200000;Раменки;Мичуринский проспект;56;Раменки;Небо — Небоскребы на Мичуринском, 56
Alliance Agency Real Estate;real_estate_agent;https://www.cian.ru/sale/flat/304966057/;Москва;sale;flat;6;33;3;66.0;44800000;Хорошево-Мневники;Причальный проезд;10А;Шелепиха;Level Причальный
Century 21 Street Realty;real_estate_agent;https://www.cian.ru/sale/flat/298534728/;Москва;sale;flat;36;52;3;78.0;45800000;Раменки;Мичуринский проспект;56;Раменки;Небо — Небоскребы на Мичуринском, 56
GRAND ESTATE - Премиальная недвижимость;real_estate_agent;https://www.cian.ru/sale/flat/308000140/;Москва;sale;flat;8;8;3;86.0;46000000;Замоскворечье;Татарская ;14;Павелецкая;
Alliance Agency Real Estate;real_estate_agent;https://www.cian.ru/sale/flat/307143396/;Москва;sale;flat;14;42;3;68.0;46500000;Филевский парк;Багратионовский проезд;5Ак1;Фили;Filicity
NF Group - ex-Knight Frank;real_estate_agent;https://www.cian.ru/sale/flat/301132027/;Москва;sale;flat;22;39;3;83.6;52000000;Раменки; Лобачевского;120к1;Аминьевская;Крылья
Century 21 Street Realty;real_estate_agent;https://www.cian.ru/sale/flat/302309976/;Москва;sale;flat;5;12;3;84.1;52100000;Сокол; Врубеля;4к1;Сокол;Врубеля 4
Intermark Real Estate;real_estate_agent;https://www.cian.ru/sale/flat/300191551/;Москва;sale;flat;5;23;3;98.3;65000000;Щукино; Расплетина;22к2;Октябрьское поле;Северная Звезда
Delight Realty;real_estate_agent;https://www.cian.ru/sale/flat/307672268/;Москва;sale;flat;4;23;3;122.7;65000000;Фили-Давыдково;Давыдковская ;16;Славянский бульвар;
GRAND ESTATE - Премиальная недвижимость;real_estate_agent;https://www.cian.ru/sale/flat/300539718/;Москва;sale;flat;2;5;3;88.0;67490000;Замоскворечье; Малая Ордынка;5/6С2-3;Третьяковская;
Whitewill;real_estate_agent;https://www.cian.ru/sale/flat/305078923/;Москва;sale;flat;9;14;3;104.0;78000000;Дорогомилово;Большая Дорогомиловская ;4;Киевская;
Trust Realty;real_estate_agent;https://www.cian.ru/sale/flat/308804986/;Москва;sale;flat;2;7;3;90.0;80000000;Пресненский;Большой Козихинский переулок;19/6;Пушкинская;
NIKA ESTATE;real_estate_agent;https://www.cian.ru/sale/flat/300425289/;Москва;sale;flat;17;32;3;84.0;83000000;Дорогомилово;Поклонная ;9;Поклонная;Поклонная 9
Kalinka Group;real_estate_agent;https://www.cian.ru/sale/flat/308069431/;Москва;sale;flat;3;6;3;156.6;89000000;Покровское-Стрешнево;Береговая ;4К4;Стрешнево;Покровский берег
Monumental Group;real_estate_agent;https://www.cian.ru/sale/flat/305688775/;Москва;sale;flat;11;13;3;143.0;94900000;Пресненский;Большая Садовая ;5к2;Маяковская;Квартал апартаментов Сады Пекина
Delight Realty;real_estate_agent;https://www.cian.ru/sale/flat/305069664/;Москва;sale;flat;9;12;3;105.0;98000000;Замоскворечье;Руновский переулок;10С1;Новокузнецкая;
OXE CAPITAL - Элитная Недвижимость;real_estate_agent;https://www.cian.ru/sale/flat/306666518/;Москва;sale;flat;48;73;3;104.0;98000000;Пресненский;набережная Пресненская;8с1;Деловой центр;Город Столиц
NF Group - ex-Knight Frank;real_estate_agent;https://www.cian.ru/sale/flat/296106336/;Москва;sale;flat;4;7;3;78.9;102280080;Арбат;Поварская ;8/1к1;Арбатская;De Luxe квартал апартаментов Театральный Дом
Yhome;real_estate_agent;https://www.cian.ru/sale/flat/302352574/;Москва;sale;flat;6;21;3;128.0;127000000;Пресненский;2-я Звенигородская ;14;Улица 1905 года;Lucky
НДВ;real_estate_agent;https://www.cian.ru/sale/flat/308262381/;Москва;sale;flat;4;8;3;117.7;185000000;Арбат;Большой Афанасьевский переулок;28;Арбатская;
NF Group - ex-Knight Frank;real_estate_agent;https://www.cian.ru/sale/flat/294650800/;Москва;sale;flat;9;57;3;158.0;211403279;Хорошевский;Чапаевский переулок;3;Аэропорт;Триумф-Палас
Soul Estate;real_estate_agent;https://www.cian.ru/sale/flat/308564476/;Москва;sale;flat;4;7;3;140.0;211403279;Арбат;1-й Смоленский переулок;21;Смоленская;Smolensky De Luxe
Whitewill;real_estate_agent;https://www.cian.ru/sale/flat/308759962/;Москва;sale;flat;12;14;3;124.0;95000000;Даниловский;набережная Марка Шагала;1к2;ЗИЛ;ЗИЛАРТ
Whitewill;real_estate_agent;https://www.cian.ru/sale/flat/302817609/;Москва;sale;flat;3;17;3;97.0;98000000;Пресненский; Сергея Макеева;9к1;Улица 1905 года;RedSide
NIKA ESTATE;real_estate_agent;https://www.cian.ru/sale/flat/304967362/;Москва;sale;flat;6;7;3;185.0;140000000;Очаково-Матвеевское;Староволынская ;15к4;Матвеевская;Ближняя дача
Whitewill;real_estate_agent;https://www.cian.ru/sale/flat/304829065/;Москва;sale;flat;5;6;3;151.0;149900000;Пресненский;Малая Бронная ;27/14;Пушкинская;
ANT Development;developer;https://www.cian.ru/sale/flat/303519417/;Москва;sale;flat;1;10;3;118.8;160012350;Дорогомилово;;3к8;Поклонная;Виктори Парк Резиденсез ЖК
Whitewill;real_estate_agent;https://www.cian.ru/sale/flat/296943732/;Москва;sale;flat;3;14;3;124.7;270000000;Якиманка;Большой Толмачевский переулок;5С5;Полянка;Дом Лаврушинский
Экран;developer;https://www.cian.ru/sale/flat/288206724/;Москва;sale;flat;6;7;3;117.16;351480000;Замоскворечье;;к3;Третьяковская;Русские Сезоны ЖК
Hutton Development;developer;https://www.cian.ru/sale/flat/303616420/;Москва;sale;flat;3;6;3;164.1;369225000;Якиманка;Софийская набережная;34С3;Новокузнецкая;Клубный дом DUO
Экран;developer;https://www.cian.ru/sale/flat/288206727/;Москва;sale;flat;3;6;3;132.38;370664000;Замоскворечье;;к4;Третьяковская;Русские Сезоны ЖК
МИЭЛЬ офис В Солнечногорске;real_estate_agent;https://www.cian.ru/sale/flat/307535888/;Москва;sale;flat;17;17;3;74.0;22000000;Марьино; Верхние Поля;40К1;Люблино;
PROНЕДВИЖИМОСТЬ;real_estate_agent;https://www.cian.ru/sale/flat/307540412/;Москва;sale;flat;4;36;3;70.0;29500000;Раменки; Василия Ланового;3;Аминьевская;Событие
Павел Михайлов;realtor;https://www.cian.ru/sale/flat/307216604/;Москва;sale;flat;24;27;3;95.4;33000000;Даниловский;набережная Марка Шагала;11к2;ЗИЛ;Shagal
EstateLiga;real_estate_agent;https://www.cian.ru/sale/flat/303279567/;Москва;sale;flat;19;39;3;76.0;36000000;Раменки; Лобачевского;120к1;Аминьевская;Крылья
Whitewill;real_estate_agent;https://www.cian.ru/sale/flat/307219598/;Москва;sale;flat;30;31;3;103.8;54500000;Филевский парк;Береговой проезд;5к1;Фили;Фили Град
Apple Real Estate;real_estate_agent;https://www.cian.ru/sale/flat/301573903/;Москва;sale;flat;5;6;3;80.0;73000000;Пресненский;Мерзляковский переулок;5/1;Арбатская;
Whitewill;real_estate_agent;https://www.cian.ru/sale/flat/306879612/;Москва;sale;flat;2;6;3;110.5;99000000;Пресненский;Малая Бронная ;32;Пушкинская;
MOD Estate;real_estate_agent;https://www.cian.ru/sale/flat/299067800/;Москва;sale;flat;9;12;3;102.2;110000000;Раменки;проспект Генерала Дорохова;39к1Е;Минская;Собрание клубных домов West Garden
Метриум Премиум Городская недвижимость;real_estate_agent;https://www.cian.ru/sale/flat/296521536/;Москва;sale;flat;4;13;3;149.9;125000000;Пресненский;Большая Грузинская ;19;Баррикадная;
GRAND ESTATE - Премиальная недвижимость;real_estate_agent;https://www.cian.ru/sale/flat/302734799/;Москва;sale;flat;2;4;3;136.0;136000000;Арбат; Малая Молчановка;6;Арбатская;
Capital Group;developer;https://www.cian.ru/sale/flat/288136849/;Москва;sale;flat;37;85;3;187.5;149669870;Пресненский;1-й Красногвардейский проезд;21с2;Москва-Сити;МФК ОКО
Метриум Премиум Городская недвижимость;real_estate_agent;https://www.cian.ru/sale/flat/292805935/;Москва;sale;flat;2;10;3;94.1;153000000;Пресненский;Малый Кисловский переулок;3;Арбатская;Рахманинов
БАЛЧУГ РЕЗИДЕНС;representative_developer;https://www.cian.ru/sale/flat/292484942/;Москва;sale;flat;4;7;3;146.3;168000000;Замоскворечье;;;Новокузнецкая;Балчуг Резиденс ЖК
ЦеНтр ПИК;real_estate_agent;https://www.cian.ru/sale/flat/307403943/;Москва;sale;flat;3;12;3;62.8;14500000;Бирюлево Восточное;Бирюлевская ;29К2;Липецкая;
ID 131347;realtor;https://www.cian.ru/sale/flat/307628849/;Москва;sale;flat;16;17;3;74.8;20500000;;проезд Чечерский;124к3;Бунинская аллея;
Акрополь;real_estate_agent;https://www.cian.ru/sale/flat/308430069/;Москва;sale;flat;12;17;3;73.0;22000000;Чертаново Северное;Балаклавский проспект;3;Чертановская;
Dream Realty;real_estate_agent;https://www.cian.ru/sale/flat/303113167/;Москва;sale;flat;1;11;3;87.6;24500000;Алексеевский; Павла Корчагина;13;ВДНХ;
Этажи Москва;real_estate_agent;https://www.cian.ru/sale/flat/303671714/;Москва;sale;flat;12;45;3;80.6;28490000;Покровское-Стрешнево;;;Трикотажная;Скай Гарден ЖК
Homeapp;real_estate_agent;https://www.cian.ru/sale/flat/307588324/;Москва;sale;flat;11;22;3;98.6;29000000;Левобережный;Ленинградское шоссе;130к3;Беломорская;
CENTURY 21 Столичная недвижимость;real_estate_agent;https://www.cian.ru/sale/flat/308672877/;Москва;sale;flat;4;12;3;63.6;11500000;;;39;Рассказовка;
ZAPAD REALTY - офис Маршала Жукова;real_estate_agent;https://www.cian.ru/sale/flat/307888004/;Москва;sale;flat;9;9;3;50.0;11800000;Чертаново Центральное; Красного Маяка;11К1;Пражская;
OPN PARTNER;real_estate_agent;https://www.cian.ru/sale/flat/305398669/;Москва;sale;flat;4;9;3;60.0;15699000;Теплый Стан; Генерала Тюленева;31;Генерала Тюленева;
BERI;real_estate_agent;https://www.cian.ru/sale/flat/303967720/;Москва;sale;flat;11;12;3;63.8;19490000;Бутырский; Яблочкова;43;Фонвизинская;
Alliance Agency Real Estate;real_estate_agent;https://www.cian.ru/sale/flat/300563124/;Москва;sale;flat;22;22;3;63.0;23600000;Ярославский; Красная Сосна;3;ВДНХ;Настроение
Этажи Москва;real_estate_agent;https://www.cian.ru/sale/flat/305972623/;Москва;sale;flat;13;42;3;71.0;27200000;Котловка;Севастопольский проспект;22А;Крымская;Eniteo
EstateLiga;real_estate_agent;https://www.cian.ru/sale/flat/305604145/;Москва;sale;flat;23;54;3;73.2;29200000;Хорошево-Мневники; Мневники;;Народное Ополчение;JOIS
Isaev Estate;real_estate_agent;https://www.cian.ru/sale/flat/307610355/;Москва;sale;flat;15;17;3;80.0;29500000;Черемушки;Новочеремушкинская ;57;Новые Черёмушки;
Villagio Realty;real_estate_agent;https://www.cian.ru/sale/flat/308855363/;Москва;sale;flat;4;6;3;92.0;29500000;Красносельский;Новорязанская ;16/11С1;Комсомольская;
Century 21 Premium Property;real_estate_agent;https://www.cian.ru/sale/flat/299464154/;Москва;sale;flat;15;20;3;74.3;36000000;Раменки; Василия Ланового;3;Аминьевская;Событие
Century 21 Street Realty;real_estate_agent;https://www.cian.ru/sale/flat/298534726/;Москва;sale;flat;40;51;3;78.0;36700000;Раменки;Мичуринский проспект;56;Раменки;Небо — Небоскребы на Мичуринском, 56
Century 21 Street Realty;real_estate_agent;https://www.cian.ru/sale/flat/298529940/;Москва;sale;flat;25;52;3;70.0;36500000;Раменки;Мичуринский проспект;56;Раменки;Небо — Небоскребы на Мичуринском, 56
Alliance Agency Real Estate;real_estate_agent;https://www.cian.ru/sale/flat/306661276/;Москва;sale;flat;23;34;3;59.2;37300000;Обручевский; Архитектора Власова;71к2;Воронцовская;Ever
Alliance Agency Real Estate;real_estate_agent;https://www.cian.ru/sale/flat/306322342/;Москва;sale;flat;22;34;3;67.0;39900000;Обручевский; Архитектора Власова;71к2;Воронцовская;Ever
Century 21 Premium Property;real_estate_agent;https://www.cian.ru/sale/flat/294555391/;Москва;sale;flat;3;13;3;67.8;40000000;Хорошево-Мневники; Мневники;;Народное Ополчение;Остров
Century 21 Level;real_estate_agent;https://www.cian.ru/sale/flat/307407528/;Москва;sale;flat;3;21;3;85.9;40990000;Филевский парк;Береговой проезд;5к3;Фили;Фили Град
do A.S.A.P.;real_estate_agent;https://www.cian.ru/sale/flat/308631723/;Москва;sale;flat;6;27;3;101.4;42000000;Раменки; Янковского;1к2;Аминьевская;Событие
Kalinka Group;real_estate_agent;https://www.cian.ru/sale/flat/307436857/;Москва;sale;flat;26;28;3;104.2;43500000;Измайлово;Первомайская ;42к3;Измайловская;Измайловский
Alliance Agency Real Estate;real_estate_agent;https://www.cian.ru/sale/flat/308800808/;Москва;sale;flat;18;33;3;65.2;44300000;Хорошево-Мневники;Причальный проезд;10к1;Шелепиха;Level Причальный
Century 21 Premium Property;real_estate_agent;https://www.cian.ru/sale/flat/299519305/;Москва;sale;flat;27;28;3;110.1;44500000;Лефортово;проезд Невельского;1к4;Авиамоторная;Символ
GRAND ESTATE - Премиальная недвижимость;real_estate_agent;https://www.cian.ru/sale/flat/308389554/;Москва;sale;flat;14;14;3;95.0;44940000;Дорогомилово;Украинский бульвар;5;Киевская;
Alliance Agency Real Estate;real_estate_agent;https://www.cian.ru/sale/flat/308402651/;Москва;sale;flat;18;40;3;85.0;44500000;Раменки; Лобачевского;120к1;Аминьевская;Крылья
Whitewill;real_estate_agent;https://www.cian.ru/sale/flat/305329224/;Москва;sale;flat;3;11;3;69.9;45000000;Басманный;Большая Почтовая ;32;Электрозаводская;Резиденции Архитекторов
Delight Realty;real_estate_agent;https://www.cian.ru/sale/flat/308252471/;Москва;sale;flat;15;24;3;76.6;45000000;Пресненский;Шмитовский проезд;16С1;Москва-Сити;Шмитовский 16
Арт Риэлти;real_estate_agent;https://www.cian.ru/sale/flat/308550838/;Москва;sale;flat;7;13;3;120.0;46000000;Лефортово;шоссе Энтузиастов;3к2;Москва-Товарная;Символ
Эльмира Эмирова;realtor;https://www.cian.ru/sale/flat/306849002/;Москва;sale;flat;7;34;3;111.7;47000000;Щукино;Авиационная ;79;Щукинская;Алые Паруса
PEOPLE;real_estate_agent;https://www.cian.ru/sale/flat/304325658/;Москва;sale;flat;13;14;3;77.5;46900000;Гагаринский;Университетский проспект;6К3;Воробьёвы горы;
Intermark Real Estate;real_estate_agent;https://www.cian.ru/sale/flat/299062637/;Москва;sale;flat;6;12;3;95.2;47800000;Аэропорт;Ленинградский проспект;36с37;Динамо;ВТБ Арена парк
EstateLiga;real_estate_agent;https://www.cian.ru/sale/flat/305685536/;Москва;sale;flat;7;48;3;110.0;49990000;Раменки;Мосфильмовская ;70к2;Ломоносовский проспект;Воробьевы Горы
GRAND ESTATE - Премиальная недвижимость;real_estate_agent;https://www.cian.ru/sale/flat/307521152/;Москва;sale;flat;2;9;3;75.0;54900000;Пресненский;Большая Бронная ;5;Пушкинская;
Alliance Agency Real Estate;real_estate_agent;https://www.cian.ru/sale/flat/308146649/;Москва;sale;flat;18;36;3;102.0;57000000;Хорошево-Мневники;Шелепихинская набережная;42к3;Полежаевская;FreeDOM
Alliance Agency Real Estate;real_estate_agent;https://www.cian.ru/sale/flat/300888488/;Москва;sale;flat;11;46;3;82.5;58000000;Даниловский;Дубининская ;59А;Павелецкая;Павелецкая Сити
Alliance Agency Real Estate;real_estate_agent;https://www.cian.ru/sale/flat/303532011/;Москва;sale;flat;20;58;3;92.5;57800000;Хорошево-Мневники; Народного Ополчения;15К3;Бульвар Генерала Карбышева;Wellton Towers
Арт Риэлти;real_estate_agent;https://www.cian.ru/sale/flat/296813743/;Москва;sale;flat;29;29;3;83.5;58400000;Хорошево-Мневники;Шелепихинская набережная;40к3;Народное Ополчение;Sydney City
Century 21 Premium Property;real_estate_agent;https://www.cian.ru/sale/flat/308906405/;Москва;sale;flat;20;20;3;95.6;60000000;Даниловский;проспект Лихачева;18к5;Технопарк;Квартал на набережной NOW
Alliance Agency Real Estate;real_estate_agent;https://www.cian.ru/sale/flat/308518253/;Москва;sale;flat;24;58;3;112.0;61300000;Хорошево-Мневники; Народного Ополчения;15К2;Народное Ополчение;Wellton Towers
BARNES International Realty;real_estate_agent;https://www.cian.ru/sale/flat/298822106/;Москва;sale;flat;15;25;3;125.0;62500000;Аэропорт;Ленинградский проспект;36с36;Динамо;ВТБ Арена парк
Monumental Group;real_estate_agent;https://www.cian.ru/sale/flat/303630214/;Москва;sale;flat;2;8;3;92.0;63400000;Хамовники;переулок Сивцев Вражек;33;Смоленская;
Whitewill;real_estate_agent;https://www.cian.ru/sale/flat/306765622/;Москва;sale;flat;12;15;3;100.0;65000000;Даниловский;проспект Лихачева;18к6;Технопарк;Квартал на набережной NOW
Yhome;real_estate_agent;https://www.cian.ru/sale/flat/306169329/;Москва;sale;flat;5;16;3;106.0;65000000;Раменки;Мичуринский проспект;7К1;Ломоносовский проспект;Квартал Шуваловский
Вертикаль;real_estate_agent;https://www.cian.ru/sale/flat/308910758/;Москва;sale;flat;3;17;3;98.5;65500000;Тверской;1-я Тверская-Ямская ;36С1;Белорусская;
Арт Риэлти;real_estate_agent;https://www.cian.ru/sale/flat/300864943/;Москва;sale;flat;15;25;3;110.0;65400000;Раменки; Янковского;1к1;Аминьевская;Событие
Арт Риэлти;real_estate_agent;https://www.cian.ru/sale/flat/302504252/;Москва;sale;flat;10;22;3;104.7;75000000;Хорошево-Мневники;Живописная ;21А;Серебряный Бор;Дом Серебряный Бор
OXE CAPITAL - Элитная Недвижимость;real_estate_agent;https://www.cian.ru/sale/flat/295413844/;Москва;sale;flat;13;18;3;89.9;76000000;Даниловский; Серпуховский Вал;21;Шаболовская;Донской Олимп
GRAND ESTATE - Премиальная недвижимость;real_estate_agent;https://www.cian.ru/sale/flat/307875548/;Москва;sale;flat;3;7;3;148.2;83000000;Тверской;Садовая-Самотечная ;2/12;Цветной бульвар;
Наргиз Султанова;realtor;https://www.cian.ru/sale/flat/307540414/;Москва;sale;flat;3;5;3;126.3;83000000;Арбат;Филипповский переулок;18;Арбатская;
Soul Estate;real_estate_agent;https://www.cian.ru/sale/flat/302461199/;Москва;sale;flat;10;53;3;138.0;85000000;Раменки;Мосфильмовская ;8;Ломоносовский проспект;Дом на Мосфильмовской
GRAND ESTATE - Премиальная недвижимость;real_estate_agent;https://www.cian.ru/sale/flat/306391352/;Москва;sale;flat;4;13;3;114.3;98000000;Тверской;Газетный переулок;13С1;Охотный ряд;
Whitewill Москва-Сити;real_estate_agent;https://www.cian.ru/sale/flat/303201005/;Москва;sale;flat;53;73;3;224.0;106000000;Пресненский;набережная Пресненская;8с1;Деловой центр;Город Столиц
TWEED;real_estate_agent;https://www.cian.ru/sale/flat/294111560/;Москва;sale;flat;12;14;3;96.0;110000000;Мещанский; Советской Армии;6;Достоевская;Barkli Park
Kalinka Group;real_estate_agent;https://www.cian.ru/sale/flat/294675252/;Москва;sale;flat;4;7;3;131.4;114841760;Пресненский;Никитский бульвар;12;Арбатская;
ID 5692432;realtor;https://www.cian.ru/sale/flat/304790365/;Москва;sale;flat;4;11;3;116.69;128359000;Дорогомилово;;3к4;Парк Победы;Виктори Парк Резиденсез ЖК
Whitewill;real_estate_agent;https://www.cian.ru/sale/flat/308233836/;Москва;sale;flat;6;11;3;101.6;130000000;Хамовники; Усачева;2С3;Фрунзенская;Фьюжн парк
GRAND ESTATE - Премиальная недвижимость;real_estate_agent;https://www.cian.ru/sale/flat/307529157/;Москва;sale;flat;3;10;3;135.7;133900000;Тверской;Страстной бульвар;10к1;Пушкинская;
Kalinka Group;real_estate_agent;https://www.cian.ru/sale/flat/308806929/;Москва;sale;flat;2;4;3;133.9;136000000;Арбат; Малая Молчановка;6;Арбатская;
Capital Group;developer;https://www.cian.ru/sale/flat/291360068/;Москва;sale;flat;60;85;3;156.6;140353328;Пресненский;1-й Красногвардейский проезд;21с2;Москва-Сити;МФК ОКО
Стрелецкая Слобода;developer;https://www.cian.ru/sale/flat/294641846/;Москва;sale;flat;6;8;3;122.1;160561500;Таганский;Тессинский переулок;1;Китай-город;Тессинский, 1
NF Group - ex-Knight Frank;real_estate_agent;https://www.cian.ru/sale/flat/296106327/;Москва;sale;flat;3;6;3;162.0;312300299;Хамовники;переулок Коробейников;1;Парк Культуры;Кристалл Хаус
Whitewill;real_estate_agent;https://www.cian.ru/sale/flat/303727554/;Москва;sale;flat;5;7;3;116.8;357500000;Тверской; Большая Дмитровка;7/5С2;Савёловская;Советник
ГОРОБМЕН;real_estate_agent;https://www.cian.ru/sale/flat/307547398/;Москва;sale;flat;15;17;3;80.0;29500000;Черемушки;Новочеремушкинская ;57;Новые Черёмушки;
Century 21 Premium Property;real_estate_agent;https://www.cian.ru/sale/flat/297078420/;Москва;sale;flat;3;20;3;70.0;32500000;Даниловский;проспект Лихачева;12к1;Технопарк;Квартал на набережной NOW
Century 21 Level;real_estate_agent;https://www.cian.ru/sale/flat/307805379/;Москва;sale;flat;13;28;3;60.0;43500000;Раменки;Винницкая ;8к4;Раменки;Настоящее
Главстрой;developer;https://www.cian.ru/sale/flat/296921006/;Москва;sale;flat;4;9;3;105.7;53864951;Филевский парк;Береговой проезд;2;Фили;Береговой-2
Century 21 Premium Property;real_estate_agent;https://www.cian.ru/sale/flat/303765580/;Москва;sale;flat;6;6;3;86.0;58000000;Даниловский;проспект Лихачева;18к7;Технопарк;Квартал на набережной NOW
Whitewill;real_estate_agent;https://www.cian.ru/sale/flat/304686083/;Москва;sale;flat;2;8;3;92.0;63420983;Хамовники;переулок Сивцев Вражек;33;Смоленская;
do A.S.A.P.;real_estate_agent;https://www.cian.ru/sale/flat/306945676/;Москва;sale;flat;4;20;3;80.0;82000000;Пресненский;Мантулинская ;9к2;Деловой центр;City Park
Point Estate Город;real_estate_agent;https://www.cian.ru/sale/flat/306153781/;Москва;sale;flat;9;9;3;101.0;103000000;Можайский; Вересаева;9;Давыдково;Аристократ
Стрелецкая Слобода;developer;https://www.cian.ru/sale/flat/294641853/;Москва;sale;flat;6;8;3;118.6;155959000;Таганский;Тессинский переулок;1;Китай-город;Тессинский, 1
Андрей Давыдов;realtor;https://www.cian.ru/sale/flat/298790726/;Москва;sale;flat;2;8;3;89.0;188240000;Якиманка;Большой Толмачевский переулок;5С5;Полянка;Дом Лаврушинский
Whitewill;real_estate_agent;https://www.cian.ru/sale/flat/293621576/;Москва;sale;flat;3;14;3;103.0;203000000;Хамовники;Погодинская ;2;Киевская;Жизнь на Плющихе
OXE CAPITAL - Элитная Недвижимость;real_estate_agent;https://www.cian.ru/sale/flat/276681309/;Москва;sale;flat;2;8;3;161.6;265500000;Арбат; Малая Молчановка;8С1;Арбатская;
FS PROPERTY;real_estate_agent;https://www.cian.ru/sale/flat/286463729/;Москва;sale;flat;2;8;3;202.4;509289719;Хамовники;переулок Хилков;1;Парк Культуры;Парк Палас
ID 98566399;homeowner;https://www.cian.ru/sale/flat/304204891/;Москва;sale;flat;2;9;3;59.6;15800000;Солнцево; 50 лет Октября;23К2;Говорово;
ГОРОБМЕН;real_estate_agent;https://www.cian.ru/sale/flat/306607629/;Москва;sale;flat;5;16;3;77.5;27200000;Войковский;5-й Новоподмосковный переулок;4К1;Войковская;
Whitewill;real_estate_agent;https://www.cian.ru/sale/flat/308743651/;Москва;sale;flat;4;4;3;129.0;31950000;Марьина роща;проезд 12-й Марьиной рощи;8С3;Марьина Роща;Лофт-квартал Studio #12
Century 21 Premium Property;real_estate_agent;https://www.cian.ru/sale/flat/302848105/;Москва;sale;flat;4;11;3;98.0;36300000;Останкинский; Годовикова;11к2;Алексеевская;iLove
Century 21 Premium Property;real_estate_agent;https://www.cian.ru/sale/flat/308549859/;Москва;sale;flat;29;53;3;81.7;38000000;Хорошево-Мневники; Народного Ополчения;15К3;Народное Ополчение;Wellton Towers
Century 21 Premium Property;real_estate_agent;https://www.cian.ru/sale/flat/305548997/;Москва;sale;flat;12;35;3;95.7;38500000;Останкинский; Годовикова;11к5;Алексеевская;iLove
РКС Девелопмент;developer;https://www.cian.ru/sale/flat/301447764/;Москва;sale;flat;7;16;3;82.79;38431118;Даниловский;Автозаводская ;24К1;Тульская;Дом на набережной INSIDER
AR Realty - Real Estate Agency;real_estate_agent;https://www.cian.ru/sale/flat/306640736/;Москва;sale;flat;32;36;3;71.0;38900000;Хорошево-Мневники;Шелепихинская набережная;34к3зд6;Шелепиха;Сердце Столицы
Century 21 Premium Property;real_estate_agent;https://www.cian.ru/sale/flat/308421686/;Москва;sale;flat;7;11;3;75.8;39950000;Останкинский; Годовикова;11к2;Алексеевская;iLove
AFI Development;developer;https://www.cian.ru/sale/flat/294550016/;Москва;sale;flat;23;25;3;73.2;39912634;Обручевский; Академика Челомея;1А;Воронцовская;AFI Park 
Whitewill;real_estate_agent;https://www.cian.ru/sale/flat/308063059/;Москва;sale;flat;13;28;3;76.6;41000000;Войковский; Адмирала Макарова;6Бк1;Водный стадион;Невский
Кирилл Чистобородов;realtor;https://www.cian.ru/sale/flat/298921738/;Москва;sale;flat;2;9;3;73.4;41900000;Хамовники;Фрунзенская набережная;28;Фрунзенская;
Whitewill;real_estate_agent;https://www.cian.ru/sale/flat/299102448/;Москва;sale;flat;24;32;3;83.3;60000000;Даниловский;Летниковская ;11/10С26;Павелецкая;HIGH LIFE
Whitewill;real_estate_agent;https://www.cian.ru/sale/flat/304076119/;Москва;sale;flat;2;5;3;81.0;63990000;Тверской;Долгоруковская ;25к2;Новослободская;Долгоруковская 25
ID 438578;real_estate_agent;https://www.cian.ru/sale/flat/305286976/;Москва;sale;flat;20;38;3;140.0;65000000;Раменки;Мосфильмовская ;70к3;Ломоносовский проспект;Воробьевы Горы
333980;real_estate_agent;https://www.cian.ru/sale/flat/300682264/;Москва;sale;flat;2;17;3;135.4;69900000;Раменки;Ломоносовский проспект;25к1;Университет;Dominion
One Moscow;real_estate_agent;https://www.cian.ru/sale/flat/303706991/;Москва;sale;flat;14;34;3;98.6;79000000;Пресненский; Пресненский Вал;27С11;Белорусская;Republic
Whitewill;real_estate_agent;https://www.cian.ru/sale/flat/308236882/;Москва;sale;flat;19;22;3;115.0;82350000;Крылатское; Крылатские Холмы;33К3;Крылатское;Крылатские Огни
Whitewill;real_estate_agent;https://www.cian.ru/sale/flat/304180668/;Москва;sale;flat;5;9;3;101.0;103000000;Можайский; Вересаева;9;Давыдково;Аристократ
Whitewill;real_estate_agent;https://www.cian.ru/sale/flat/305195698/;Москва;sale;flat;5;7;3;130.0;110000000;Замоскворечье; Малая Ордынка;3;Третьяковская;
Whitewill;real_estate_agent;https://www.cian.ru/sale/flat/306212545/;Москва;sale;flat;2;3;3;234.7;125000000;Хорошево-Мневники;Таманская ;1;Народное Ополчение;Берег столицы
Monumental Group;real_estate_agent;https://www.cian.ru/sale/flat/307254752/;Москва;sale;flat;4;8;3;130.0;130000000;Якиманка;1-й Спасоналивковский переулок;18С2;Полянка;
Андрей Давыдов;realtor;https://www.cian.ru/sale/flat/298653965/;Москва;sale;flat;4;11;3;117.0;134550000;Дорогомилово;;3к5;Парк Победы;Виктори Парк Резиденсез ЖК
Whitewill Москва-Сити;real_estate_agent;https://www.cian.ru/sale/flat/303755090/;Москва;sale;flat;30;73;3;220.0;135000000;Пресненский;набережная Пресненская;8с1;Деловой центр;Город Столиц
Whitewill;real_estate_agent;https://www.cian.ru/sale/flat/304064468/;Москва;sale;flat;2;4;3;134.0;136000000;Арбат; Малая Молчановка;6;Арбатская;
Метриум Премиум Городская недвижимость;real_estate_agent;https://www.cian.ru/sale/flat/308343502/;Москва;sale;flat;14;37;3;100.9;150000000;Дорогомилово;Поклонная ;9;Поклонная;Поклонная 9
Whitewill;real_estate_agent;https://www.cian.ru/sale/flat/308709754/;Москва;sale;flat;5;8;3;125.3;158500000;Таганский;Тессинский переулок;1;Чкаловская;Тессинский, 1
Stapler Estate;real_estate_agent;https://www.cian.ru/sale/flat/306172299/;Москва;sale;flat;2;6;3;165.0;400000000;Хамовники;Курсовой переулок;10/1;Кропоткинская;Nabokov
NF Group - ex-Knight Frank;real_estate_agent;https://www.cian.ru/sale/flat/305062304/;Москва;sale;flat;2;6;3;152.0;453160839;Хамовники;Бутиковский переулок;5;Парк Культуры;Бутиковский 5
Homeapp;real_estate_agent;https://www.cian.ru/sale/flat/308934170/;Москва;sale;flat;8;9;3;56.9;11200000;Восточное Измайлово;Сиреневый бульвар;62;Первомайская;
EstateLiga;real_estate_agent;https://www.cian.ru/sale/flat/308672663/;Москва;sale;flat;7;9;3;59.0;12700000;Восточное Измайлово;16-я Парковая ;27;Первомайская;
ID 95936486;homeowner;https://www.cian.ru/sale/flat/305812357/;Москва;sale;flat;3;9;3;58.5;13000000;Чертаново Центральное;Чертановская ;43К2;Пражская;
Этажи Москва;real_estate_agent;https://www.cian.ru/sale/flat/308888332/;Москва;sale;flat;3;9;3;58.5;13490000;Чертаново Центральное;Чертановская ;43К2;Пражская;
Century21 Феникс;real_estate_agent;https://www.cian.ru/sale/flat/299560153/;Москва;sale;flat;7;17;3;72.0;14000000;; 40 лет Октября;15/1;Щербинка;Калипсо
Этажи Москва;real_estate_agent;https://www.cian.ru/sale/flat/298324612/;Москва;sale;flat;3;9;3;62.9;14500000;Восточное Дегунино;Дубнинская ;2К1;Верхние Лихоборы;
Этажи Москва;real_estate_agent;https://www.cian.ru/sale/flat/308942493/;Москва;sale;flat;6;9;3;58.6;16000000;Восточное Дегунино;Дубнинская ;10К3;Дегунино;
Небоскребы НН;real_estate_agent;https://www.cian.ru/sale/flat/305314829/;Москва;sale;flat;7;18;3;91.7;17500000;; Ленина;12;Кокошкино;
Этажи Москва;real_estate_agent;https://www.cian.ru/sale/flat/304640784/;Москва;sale;flat;16;19;3;79.4;19400000;;бульвар Андрея Тарковского;11;Рассказовка;Рассказово
Этажи Москва;real_estate_agent;https://www.cian.ru/sale/flat/307336800/;Москва;sale;flat;12;12;3;70.5;21300000;Перово;Зеленый проспект;4К1;Перово;
Isaev Estate;real_estate_agent;https://www.cian.ru/sale/flat/307952301/;Москва;sale;flat;8;25;3;73.0;21500000;Метрогородок;Тагильская ;2к1;Бульвар Рокоссовского;Сиреневый парк
Центральный Департамент Недвижимости;real_estate_agent;https://www.cian.ru/sale/flat/295212920/;Москва;sale;flat;19;24;3;86.0;21700000;Северное Бутово; Грина;1к8;Бульвар Дмитрия Донского;
ГОРОБМЕН;real_estate_agent;https://www.cian.ru/sale/flat/306682279/;Москва;sale;flat;11;12;3;66.0;24000000;Басманный;Спартаковский переулок;26;Бауманская;
Навигатор;real_estate_agent;https://www.cian.ru/sale/flat/308146673/;Москва;sale;flat;17;17;3;75.0;25000000;Черемушки;Новочеремушкинская ;50К3;Новые Черёмушки;
AR Realty - Real Estate Agency;real_estate_agent;https://www.cian.ru/sale/flat/298436238/;Москва;sale;flat;7;21;3;79.1;25900000;Хорошевский; Зорге;9;Полежаевская;Зорге 9
ID 600665;homeowner;https://www.cian.ru/sale/flat/308311460/;Москва;sale;flat;10;14;3;73.4;28000000;Лефортово;Солдатская ;10К1;Лефортово;
Apple Real Estate;real_estate_agent;https://www.cian.ru/sale/flat/306947603/;Москва;sale;flat;3;6;3;68.0;30000000;Тверской;Новослободская ;73К3;Савёловская;
Метриум Премиум Городская недвижимость;real_estate_agent;https://www.cian.ru/sale/flat/290778903/;Москва;sale;flat;24;44;3;69.0;31700000;Пресненский;Ходынская ;2;Улица 1905 года;Пресня Сити
PEOPLE;real_estate_agent;https://www.cian.ru/sale/flat/307385027/;Москва;sale;flat;3;22;3;62.7;32200000;Хорошево-Мневники;Жилой комплекс остров;1;Терехово ;Остров
RMRealty;real_estate_agent;https://www.cian.ru/sale/flat/294599592/;Москва;sale;flat;4;4;3;75.6;32150000;Замоскворечье;Большая Серпуховская ;44;Серпуховская;
ID 88805709;homeowner;https://www.cian.ru/sale/flat/307804503/;Москва;sale;flat;12;12;3;97.6;32000000;; Василия Аксенова;4;Рассказовка;Переделкино Ближнее Город-парк
MONEYARD;real_estate_agent;https://www.cian.ru/sale/flat/300740154/;Москва;sale;flat;12;28;3;69.8;32200000;Нагатино-Садовники;Варшавское шоссе;37АК1;Нагатинская;Rotterdam
PEOPLE;real_estate_agent;https://www.cian.ru/sale/flat/304201537/;Москва;sale;flat;16;23;3;62.4;34000000;Хорошево-Мневники;проезд Проектируемый № 1074;1;Терехово ;Остров
Isaev Estate;real_estate_agent;https://www.cian.ru/sale/flat/304318710/;Москва;sale;flat;18;33;3;78.1;36000000;Хорошево-Мневники;Причальный проезд;10к1;Шелепиха;Level Причальный
Whitewill;real_estate_agent;https://www.cian.ru/sale/flat/307104254/;Москва;sale;flat;2;12;3;72.9;38000000;Обручевский; Академика Челомея;1А;Воронцовская;AFI Park 
GRAND ESTATE - Премиальная недвижимость;real_estate_agent;https://www.cian.ru/sale/flat/300539856/;Москва;sale;flat;7;8;3;80.0;38700000;Гагаринский;Ленинский проспект;68/10;Университет;
EstateLiga;real_estate_agent;https://www.cian.ru/sale/flat/303487729/;Москва;sale;flat;30;41;3;76.8;39990000;Раменки;проезд 4-й Сетуньский;10Ас6;Кутузовская;Hide
Этажи Москва;real_estate_agent;https://www.cian.ru/sale/flat/308159998/;Москва;sale;flat;16;16;3;108.0;40990000;Лефортово;Наличная ;3;Лефортово;
GRAND ESTATE - Премиальная недвижимость;real_estate_agent;https://www.cian.ru/sale/flat/302444756/;Москва;sale;flat;2;10;3;105.5;44000000;Таганский;Гончарная ;38;Таганская;
Isaev Estate;real_estate_agent;https://www.cian.ru/sale/flat/306126771/;Москва;sale;flat;33;39;3;81.4;43900000;Ростокино; Вильгельма Пика;3С6;Улица Сергея Эйзенштейна;
Apple Real Estate;real_estate_agent;https://www.cian.ru/sale/flat/296826054/;Москва;sale;flat;2;7;3;98.0;43900000;Донской;Ленинский проспект;35;Ленинский проспект;
PEOPLE;real_estate_agent;https://www.cian.ru/sale/flat/304197383/;Москва;sale;flat;12;23;3;58.4;43690000;Хорошево-Мневники;проезд Проектируемый № 1074;1;Терехово ;Остров
Apple Real Estate;real_estate_agent;https://www.cian.ru/sale/flat/304140678/;Москва;sale;flat;15;20;3;77.0;45000000;Пресненский;Шмитовский проезд;16С1;Москва-Сити;Шмитовский 16
Sezar Group;developer;https://www.cian.ru/sale/flat/303106775/;Москва;sale;flat;23;51;3;97.03;45410040;Хорошевский;2-й Хорошевский проезд;7С18;Хорошёвская;SEZAR CITY
ID 438578;real_estate_agent;https://www.cian.ru/sale/flat/305816835/;Москва;sale;flat;15;17;3;86.0;46000000;Раменки;Мосфильмовская ;88к4с3;Раменки;Мосфильмовский
GRAND ESTATE - Премиальная недвижимость;real_estate_agent;https://www.cian.ru/sale/flat/307253096/;Москва;sale;flat;4;12;3;90.0;46500000;Таганский;Краснохолмская набережная;1/15;Таганская;
Apple Real Estate;real_estate_agent;https://www.cian.ru/sale/flat/308681419/;Москва;sale;flat;12;25;3;76.0;49000000;Очаково-Матвеевское;Нежинская ;5к2;Матвеевская;Городские резиденции SPIRES
GRAND ESTATE - Премиальная недвижимость;real_estate_agent;https://www.cian.ru/sale/flat/306838955/;Москва;sale;flat;8;16;3;80.0;49000000;Хамовники;Большой Саввинский переулок;1;Киевская;
GRAND ESTATE - Премиальная недвижимость;real_estate_agent;https://www.cian.ru/sale/flat/307130827/;Москва;sale;flat;5;7;3;100.0;49000000;Замоскворечье;Пятницкая ;76;Добрынинская;
Apple Real Estate;real_estate_agent;https://www.cian.ru/sale/flat/307958924/;Москва;sale;flat;6;9;3;146.0;115000000;Замоскворечье;Климентовский переулок;2;Новокузнецкая;
Метриум Премиум Городская недвижимость;real_estate_agent;https://www.cian.ru/sale/flat/308252057/;Москва;sale;flat;5;21;3;119.0;115000000;Пресненский;2-я Звенигородская ;16;Улица 1905 года;Lucky
do A.S.A.P.;real_estate_agent;https://www.cian.ru/sale/flat/304429449/;Москва;sale;flat;50;63;3;102.5;118000000;Пресненский;Краснопресненская набережная;14Ак3;Москва-Сити;Capital Towers
Apple Real Estate;real_estate_agent;https://www.cian.ru/sale/flat/304239453/;Москва;sale;flat;1;5;3;101.3;120000000;Пресненский;Большой Палашевский переулок;1С2;Пушкинская;
Webster;real_estate_agent;https://www.cian.ru/sale/flat/308306597/;Москва;sale;flat;3;9;3;102.6;123120000;Тверской;Большой Каретный переулок;24с2;Цветной бульвар;Каретный плаза
RMRealty;real_estate_agent;https://www.cian.ru/sale/flat/307261028/;Москва;sale;flat;2;8;3;94.0;129500000;Якиманка; Большая Полянка;9С1;Полянка;Cloud Nine
Apple Real Estate;real_estate_agent;https://www.cian.ru/sale/flat/303027207/;Москва;sale;flat;3;10;3;135.0;134000000;Тверской;Страстной бульвар;10к1;Пушкинская;
Apple Real Estate;real_estate_agent;https://www.cian.ru/sale/flat/304128354/;Москва;sale;flat;2;4;3;134.0;136000000;Арбат; Малая Молчановка;6;Арбатская;
Point Estate Город;real_estate_agent;https://www.cian.ru/sale/flat/279461218/;Москва;sale;flat;4;8;3;130.0;135722080;Якиманка;1-й Спасоналивковский переулок;18С2;Полянка;
Soul Estate;real_estate_agent;https://www.cian.ru/sale/flat/308159047/;Москва;sale;flat;1;6;3;81.0;137020000;Басманный;Потаповский переулок;5С4;Чистые пруды;Чистые Пруды
Soul Estate;real_estate_agent;https://www.cian.ru/sale/flat/308939529/;Москва;sale;flat;4;6;3;153.0;175000000;Хамовники;1-й Зачатьевский переулок;6С1;Кропоткинская;
Kalinka Group;real_estate_agent;https://www.cian.ru/sale/flat/299654561/;Москва;sale;flat;5;6;3;160.0;197000000;Замоскворечье;Садовническая набережная;7;Новокузнецкая;BALCHUG VIEWPOINT
Kalinka Group;real_estate_agent;https://www.cian.ru/sale/flat/304794235/;Москва;sale;flat;2;5;3;146.8;400000000;Хамовники;Пречистенская набережная;43;Кропоткинская;Carré Blanc
Whitewill;real_estate_agent;https://www.cian.ru/sale/flat/305729511/;Москва;sale;flat;2;6;3;167.8;400000000;Хамовники;Курсовой переулок;10/1;Кропоткинская;Nabokov
Ашихмин и партнёры;real_estate_agent;https://www.cian.ru/sale/flat/292986275/;Москва;sale;flat;5;5;3;231.3;522008000;Красносельский;Сретенский бульвар;6/1С1;Тургеневская;
Soul Estate;real_estate_agent;https://www.cian.ru/sale/flat/307664741/;Москва;sale;flat;3;6;3;194.0;752403491;Пресненский;Гранатный переулок;6;Баррикадная;Гранатный, 6
Optima Development;developer;https://www.cian.ru/sale/flat/301041653/;Москва;sale;flat;18;41;3;96.3;65573831;Хорошевский;Ленинградский проспект;37/2;Петровский Парк;Прайм Парк
Самолет плюс Троицк;real_estate_agent;https://www.cian.ru/sale/flat/305020761/;Москва;sale;flat;3;5;3;55.1;6999999;;;5;Подольск;
Этажи Москва;real_estate_agent;https://www.cian.ru/sale/flat/305952052/;Москва;sale;flat;2;3;3;65.7;7750000;; Генерала Донскова;23к3;Апрелевка;
CENTURY 21 Столичная недвижимость;real_estate_agent;https://www.cian.ru/sale/flat/298213793/;Москва;sale;flat;4;17;3;59.6;9400000;;;к1;Филатов Луг;Квартал Марьино ЖК
Бест офис на Таганской;real_estate_agent;https://www.cian.ru/sale/flat/308934057/;Москва;sale;flat;5;9;3;54.2;11150000;Гольяново;Хабаровская ;19К1;Гольяново;
Самолет плюс Троицк;real_estate_agent;https://www.cian.ru/sale/flat/302702262/;Москва;sale;flat;3;12;3;63.1;11800000;; Солнечная;2;Троицк;
ДВОКОМ;real_estate_agent;https://www.cian.ru/sale/flat/306786106/;Москва;sale;flat;1;12;3;62.2;11850000;Бибирево; Корнейчука;24;Бибирево;
УЮТ;real_estate_agent;https://www.cian.ru/sale/flat/308355750/;Москва;sale;flat;6;9;3;56.9;12100000;Вешняки; Молдагуловой;10К4;Вешняки;
ОГРК;real_estate_agent;https://www.cian.ru/sale/flat/305856830/;Москва;sale;flat;9;9;3;60.0;12400000;Марьино;Подольская ;9;Перерва;
Бест офис на Таганской;real_estate_agent;https://www.cian.ru/sale/flat/308297165/;Москва;sale;flat;2;9;3;58.3;12700000;Отрадное;Алтуфьевское шоссе;18Г;Отрадное;
Homeapp;real_estate_agent;https://www.cian.ru/sale/flat/306653005/;Москва;sale;flat;8;9;3;50.7;13500000;Солнцево; 50 лет Октября;23К1;Говорово;
ГОРОДА;real_estate_agent;https://www.cian.ru/sale/flat/303485477/;Москва;sale;flat;6;8;3;88.0;13700000;;аллея Буковая;14;Кедровая;Андерсен
Абсолют Недвижимость;developer;https://www.cian.ru/sale/flat/304057007/;Москва;sale;flat;2;19;3;83.2;17415759;;;к2;Филатов Луг;Город-парк Первый Московский
Новые Ватутинки;real_estate_agent;https://www.cian.ru/sale/flat/306098084/;Москва;sale;flat;14;14;3;84.5;17700000;; 3-я Нововатутинская;2;Новомосковская;
Парадайс;real_estate_agent;https://www.cian.ru/sale/flat/307104148/;Москва;sale;flat;5;31;3;59.0;17800000;Метрогородок;Тагильская ;6/1;Черкизовская;Квартал Метроном
ОГРК;real_estate_agent;https://www.cian.ru/sale/flat/306788934/;Москва;sale;flat;12;12;3;62.2;17999999;Строгино; Маршала Катукова;25К1;Строгино;
ГЦН;real_estate_agent;https://www.cian.ru/sale/flat/307705987/;Москва;sale;flat;1;8;3;59.0;18500000;Савеловский;Бутырская ;53К1;Савёловская;
Адрес;real_estate_agent;https://www.cian.ru/sale/flat/305645572/;Москва;sale;flat;3;4;3;67.4;18500000;Хорошево-Мневники;Живописная ;5К6;Народное Ополчение;
do A.S.A.P.;real_estate_agent;https://www.cian.ru/sale/flat/307914279/;Москва;sale;flat;9;23;3;92.7;18770000;Некрасовка; Маресьева;7к4;Некрасовка;Квартал Некрасовка
Наталия Шпрингер;realtor;https://www.cian.ru/sale/flat/307856167/;Москва;sale;flat;6;9;3;58.7;18750000;Коньково; Генерала Антонова;5К1;Беляево;
Villagio Realty;real_estate_agent;https://www.cian.ru/sale/flat/305913440/;Москва;sale;flat;4;9;3;61.6;18990000;Северное Измайлово;16-я Парковая ;49К2;Щёлковская;
One Life;real_estate_agent;https://www.cian.ru/sale/flat/306026684/;Москва;sale;flat;8;18;3;76.1;19000000;Останкинский;Березовая аллея;19к1;Ботанический сад;Апарт-комплекс Легендарный квартал
ГОРОДА;real_estate_agent;https://www.cian.ru/sale/flat/306478608/;Москва;sale;flat;8;17;3;83.8;19200000;Марьино;Батайский проезд;65;Марьино;
Денис Циликин;realtor;https://www.cian.ru/sale/flat/308141271/;Москва;sale;flat;3;12;3;81.0;19299999;Северное Бутово;Ратная ;10К1;Бульвар Дмитрия Донского;
Павел Балеевский;realtor;https://www.cian.ru/sale/flat/308548427/;Москва;sale;flat;11;12;3;61.9;19250000;Фили-Давыдково;Инициативная ;7К2;Давыдково;
Новое Летово;developer;https://www.cian.ru/sale/flat/296320440/;Москва;sale;flat;2;7;3;83.5;19789500;;;к1;Филатов Луг;Новое Летово ЖК
Homeapp;real_estate_agent;https://www.cian.ru/sale/flat/308291981/;Москва;sale;flat;10;22;3;81.4;19900000;;Родниковая ;30к3;Саларьево;Румянцево-Парк
Главстрой;developer;https://www.cian.ru/sale/flat/296871940/;Москва;sale;flat;2;30;3;68.0;20025660;Рязанский;Рязанский проспект;;Окская;balance
Самолет Плюс Москва;real_estate_agent;https://www.cian.ru/sale/flat/301429659/;Москва;sale;flat;3;22;3;75.1;20200000;Ясенево;Литовский бульвар;15К1;Ясенево;
ФСК Агент;real_estate_agent;https://www.cian.ru/sale/flat/306521737/;Москва;sale;flat;2;16;3;78.2;20490000;;бульвар Скандинавский;2к3;Потапово;Скандинавия
Ирина Тарасова;realtor;https://www.cian.ru/sale/flat/308209530/;Москва;sale;flat;10;17;3;74.1;20500000;Бескудниковский;Дубнинская ;5К2;Верхние Лихоборы;
Новое Летово;developer;https://www.cian.ru/sale/flat/296321306/;Москва;sale;flat;5;8;3;85.4;20726580;;;к2;Филатов Луг;Новое Летово ЖК
ФСК Агент;real_estate_agent;https://www.cian.ru/sale/flat/304595186/;Москва;sale;flat;16;22;3;78.1;20900000;Покровское-Стрешнево;Волоколамское шоссе;71/22к2;Спартак;Апарт-комплекс Движение.Тушино
Homeapp;real_estate_agent;https://www.cian.ru/sale/flat/307911646/;Москва;sale;flat;18;22;3;81.2;21200000;Митино; Барышиха;23;Митино;
Homeapp;real_estate_agent;https://www.cian.ru/sale/flat/301355095/;Москва;sale;flat;8;25;3;73.1;21500000;Метрогородок;Тагильская ;4к1;Бульвар Рокоссовского;Сиреневый парк
Homeapp;real_estate_agent;https://www.cian.ru/sale/flat/305672134/;Москва;sale;flat;9;12;3;88.0;21990000;; Василия Аксенова;4;Рассказовка;Переделкино Ближнее Город-парк
АЯКС;real_estate_agent;https://www.cian.ru/sale/flat/308358972/;Москва;sale;flat;3;12;3;65.0;21990000;Дмитровский;Ангарская ;45К4;Грачёвская;
ФСК Агент;real_estate_agent;https://www.cian.ru/sale/flat/304344921/;Москва;sale;flat;4;43;3;64.9;22000000;Покровское-Стрешнево;Строительный проезд;9С6;Трикотажная;Sky Garden
Homeapp;real_estate_agent;https://www.cian.ru/sale/flat/306894149/;Москва;sale;flat;2;9;3;56.8;22100000;Ломоносовский; Вавилова;86;Новые Черёмушки;
PRO ОБМЕН;real_estate_agent;https://www.cian.ru/sale/flat/303077896/;Москва;sale;flat;7;20;3;76.4;22490000;Можайский; Красных Зорь;59Б;Рабочий посёлок;
Князев и Партнёры;real_estate_agent;https://www.cian.ru/sale/flat/299495945/;Москва;sale;flat;4;6;3;68.5;22500000;Басманный;Спартаковский переулок;26С2;Бауманская;
ФСК Агент;real_estate_agent;https://www.cian.ru/sale/flat/308136375/;Москва;sale;flat;18;30;3;75.7;22500000;Покровское-Стрешнево;Строительный проезд;9С6;Трикотажная;Sky Garden
Isaev Estate;real_estate_agent;https://www.cian.ru/sale/flat/308750443/;Москва;sale;flat;2;5;3;62.0;22600000;Измайлово;3-я Парковая ;33;Измайловская;
ФЛИП;real_estate_agent;https://www.cian.ru/sale/flat/307128245/;Москва;sale;flat;9;9;3;63.6;22900000;Беговой;Верхняя ;3К1;Белорусская;
ФСК Агент;real_estate_agent;https://www.cian.ru/sale/flat/296918208/;Москва;sale;flat;32;44;3;65.0;22900000;Покровское-Стрешнево;Строительный проезд;9С6;Трикотажная;Sky Garden
Кирилл Икрянников;realtor;https://www.cian.ru/sale/flat/307127828/;Москва;sale;flat;7;9;3;68.0;22800000;Войковский; Клары Цеткин;19;Войковская;
Homeapp;real_estate_agent;https://www.cian.ru/sale/flat/308495613/;Москва;sale;flat;15;17;3;70.0;23000000;Северное Тушино; Вилиса Лациса;38к1;Планерная;
На Петровке;real_estate_agent;https://www.cian.ru/sale/flat/302867185/;Москва;sale;flat;11;24;3;85.0;23200000;Марьино;Люблинская ;165К2;Марьино;
Елена Соколова;realtor;https://www.cian.ru/sale/flat/302059900/;Москва;sale;flat;2;28;3;73.0;23100000;Даниловский;1-я оч.;к7;ЗИЛ;Shagal
Этажи Москва;real_estate_agent;https://www.cian.ru/sale/flat/308095520/;Москва;sale;flat;15;17;3;75.6;23999999;Бескудниковский;Дмитровское шоссе;74К1;Верхние Лихоборы;
Homeapp;real_estate_agent;https://www.cian.ru/sale/flat/308205893/;Москва;sale;flat;16;18;3;77.0;23990000;Ломоносовский; Академика Пилюгина;12К2;Новаторская;
ГОРОДА;real_estate_agent;https://www.cian.ru/sale/flat/308023101/;Москва;sale;flat;5;5;3;65.4;24000000;Щукино; Маршала Василевского;13К1;Щукинская;
Villagio Realty;real_estate_agent;https://www.cian.ru/sale/flat/307912282/;Москва;sale;flat;15;26;3;54.2;24300000;Нагатино-Садовники;Нагатинская набережная;10А;Нагатинская;Level Нагатинская
Homeapp;real_estate_agent;https://www.cian.ru/sale/flat/308874410/;Москва;sale;flat;20;20;3;72.7;24500000;;Родниковая ;30к1;Саларьево;Румянцево-Парк
do A.S.A.P.;real_estate_agent;https://www.cian.ru/sale/flat/306820366/;Москва;sale;flat;8;23;3;87.0;24600000;Нижегородский;Газгольдерная ;10;Стахановская;
Homeapp;real_estate_agent;https://www.cian.ru/sale/flat/305918195/;Москва;sale;flat;5;5;3;93.4;24990000;Коптево;Коптевская ;83К2;Коптево;
CENTURY 21 Столичная недвижимость;real_estate_agent;https://www.cian.ru/sale/flat/304542743/;Москва;sale;flat;9;17;3;77.5;24990000;Тропарево-Никулино;Никулинская ;23К3;Озёрная;
Замоскворечье;real_estate_agent;https://www.cian.ru/sale/flat/308155578/;Москва;sale;flat;17;17;3;74.0;25000000;Черемушки;Новочеремушкинская ;50К3;Новые Черёмушки;
ID 57370241;homeowner;https://www.cian.ru/sale/flat/307358285/;Москва;sale;flat;6;28;3;62.8;25000000;Покровское-Стрешнево;Волоколамское шоссе;95/2к5;Трикотажная;City Bay
Этажи Москва;real_estate_agent;https://www.cian.ru/sale/flat/308072905/;Москва;sale;flat;1;17;3;73.0;25500000;Черемушки; Наметкина;9К3;Новые Черёмушки;
ID 74438895;realtor;https://www.cian.ru/sale/flat/307668521/;Москва;sale;flat;8;29;3;80.7;25800550;Южнопортовый;Волгоградский проспект;32/3к4;Угрешская;Метрополия
PEOPLE;real_estate_agent;https://www.cian.ru/sale/flat/308556938/;Москва;sale;flat;2;24;3;60.1;25700000;Хорошево-Мневники;проспект Маршала Жукова;37К2;Народное Ополчение;Wellton park
Макспол Парк Культуры;real_estate_agent;https://www.cian.ru/sale/flat/306562013/;Москва;sale;flat;8;22;3;73.3;26000000;Покровское-Стрешнево;Волоколамское шоссе;71/22к1;Спартак;Апарт-комплекс Движение.Тушино
CENTURY 21 RnB Estate;real_estate_agent;https://www.cian.ru/sale/flat/307433962/;Москва;sale;flat;2;9;3;56.8;26000000;Дорогомилово;Большая Дорогомиловская ;16;Киевская;
Винидиктов и Партнеры;real_estate_agent;https://www.cian.ru/sale/flat/307552333/;Москва;sale;flat;5;22;3;70.0;25970000;Теплый Стан;Ленинский проспект;125К1;Тропарёво;
TNN Realty;real_estate_agent;https://www.cian.ru/sale/flat/305698948/;Москва;sale;flat;11;15;3;60.7;26000000;Даниловский;проспект Лихачева;20;Технопарк;Nagatino i-Land
ФСК Агент;real_estate_agent;https://www.cian.ru/sale/flat/308521273/;Москва;sale;flat;17;30;3;69.0;26500000;Можайский; Петра Алексеева;14;Давыдково;КутузовGRAD II
Prime;real_estate_agent;https://www.cian.ru/sale/flat/294855826/;Москва;sale;flat;2;17;3;68.4;26500000;; Татьянин Парк;11;Говорово;Татьянин Парк
